Shopper_Code,First_Name,shopper_email,Phone
7001222761,ADAN,nelliez2@yahoo.com,+639216516296
7001211861,Orjienito,orjienitogaringo@gmail.com,+639753366942
7001222613,Wilfred Jan Ross,ysarosz10@gmail.com,+639694724136
7001219260,Rowell,lucas_rowell@yahoo.com,+639959368165
7001224471,BRIAN KIT,briankit26@gmail.com,+639366760407
7001220705,Patrick,patrick.villaviray@gmail.com,+639922230991
7001034612,Jayson,jayson_sayat@yahoo.com,'+639209852020
7001228258,Maria Katrina,fudgybitesmnl@gmail.com,+639053134059
7001171843,Charmaine,ibanezcharm@yahoo.com,+639272297138
7001161527,Kristine,lunas.kristine@gmail.com,+639171120134
7001221656,MA CARMELA,magbitangcm@gmail.com,+639228440790
7001224742,Elsie,elscapistrano@gmail.com,'+639338527525
7001220492,Cherry Mary,cherrynacino@gmail.com,+639491303318
7001176248,April,aprilonlinejob@yahoo.com,+639278775109
7001221200,Tricia Ann Lee,trish.garin03@gmail.com,+639209469645
7001218130,Rachelle Anne,rachekulit@gmail.com,+639429930491
7001165589,Maria Teresa,ycart_jimenez@yahoo.com,+639175443233
7001222784,KEITH,keithtavellano@gmail.com,+639774753402
7001211425,Micka Denise,mdenise.micka@yahoo.com,+639171335531
7001150797,Carmela Tiara,tiara.cruz@gmail.com,+639561868473
7001180608,Ma Katrina,trina.dimaapi@gmail.com,+639155468798
7001161745,Jocel,jocel.eguia@yahoo.com.ph,+639173229539
7001161756,Debbie,debbie.taneo@gmail.com,+639178816291
7001168541,MARY JANE,zildjane_2001@yahoo.com,+639155321664
7001207682,Jeralyn,jerasinaguinan@gmail.com,+639072050096
7001162612,Eloisa,eloisatalenjale@gmail.com,+639773848648
7001120687,Frances Fetalino,francesysabelle.fetalino@gmail.com,+639972860890
7001195098,Maria Bernadeth,tirralirra@rocketmail.com,+639774885847
7001219537,Marry-Ann,inkthatshirt@yahoo.com,+639162825449
7001193780,Elvi,Jayelsofia@yahoo.com,+639179027166
7001173166,Kristel,kristelmariepaet@gmail.com,+639601011860
7001227095,Jhoma May,Jhoma.abello@gmail.com,+639276543017
7001225774,Romelace Joy,romelacepaddanan02@gmail.com,+639273772705
7001179846,Angelica,perez.maangelica@gmail.com,+639985571564
7001205578,Lyssa Jamaica,jamaica_maron@yahoo.com,+639452905449
7001225537,Grace,gracebcatamora@gmail.com,+639179147915
7001162684,Alyssa Marie,alyssa.alkhalifa@ymail.com,+639088976612
7001162950,Ma. Cathrina,ma.cathrina_carandang@yahoo.com,+639682968089
7001227815,Karen Irish Marie,abagkim@gmail.com,+639457209197
7001174248,Colleen,codybautista25@gmail.com,+639178056774
7001171750,Regina,reginaonabong@gmail.com,+639198205201
7001223505,Judy Ann,judyannruflo4@gmail.com,+639619906673
7001227075,Aileen Rose,homeskyro@gmail.com,+639053195654
7001222179,Arthur Joseph,arthurjmanalo@gmail.com,+639178822684
7001221785,ladislao Jr.,jonchrome.ja@gmail.com,+639174108201
7001184249,Adrian,Adriantesaluna@gmail.com,+639178974467
7001222751,MANOLITO,nonypeneyra@yahoo.com,+639054929443
7001214836,John Reiner,aguilar.johnreiner@gmail.com,+639051805057
7001168452,Raymond,alonzoraymond@gmail.com,+63+639267579117
7001175765,Jorge Michael,jorgemichaelvicente@gmail.com,+639277701451
7001222288,Pyramid,iampyramid@icloud.com,+639178885792
7001212382,Augustine Ian,iangarduque0817@gmail.com,+639501227089
7001225734,Ismael Jr,salacata.ismael.jr@gmail.com,+639172060209
7001226842,Sherwin,sherwin27po@gmail.com,+639053448130
7001223829,Xavier Joseph,xjosephnuestro@gmail.com,+639662630718
7000851420,Francois,francois.dreyfuss@gmail.com,'+639988491489
7001175447,ROLAND,rdelro2271@ymail.com,+639452880777
7001168813,Jeremy,Darksoul0607@gmail.com,+639260266650
7001221522,federico,ricoabjr@gmail.com,+639559444218
7001208080,Michael,michaeleyes21@yahoo.com,+639062279988
7001179868,Raphael John,rjbirosel@gmail.com,+639988619734
7001226914,Arman Ronald,vixenfashionhouseph@gmail.com,+639364506075
7001227820,Edison,Roslayganda28@gmail.com,+639568651789
7001226566,Christopher,csanguyu@yahoo.com,+639568864363
7001222459,Victor Alfonso,tiponvic@gmail.com,+639363262867
7001199585,Maria Anna Francesca,racuaycong@yahoo.com,+639563893866
7001214991,Eve Suzane,evesqvl@gmail.com,+639175665412
7001066954,Alaina Jamei,alainamarinas@gmail.com,+639171177643
7001223797,Edelson,edelson0515@gmail.com,+639778161540
7001175262,Allyssa Joy,ajquinito@gmail.com,+639176860322
7001113448,Ruel,ruel_oro@hotmail.com,+639171528128
7001222567,Franz Romulu,gats2c@gmail.com,+639064902547
7001222398,Michael Bern,michaelbern.esloyo@gmail.com,+639084684616
7001221007,Elpidio Charles Earv,elpidiocalinawan@gmail.com,+639985416068
7001220196,Jason,jc2rejon@gmail.com,+639173170316
7001220220,MARLON,yawdawinan@gmail.com,+639096843861
7001228140,Apple Glenn,aps.dayon@gmail.com,+639566439611
7001175055,Melanie,martinez.melanie55@yahoo.com,+639150038432
7001174409,Ember Ann,ember.casia@gmail.com,+639491133610
7001151027,Jenelyn,jenzykai@gmail.com,+639151251037
7001144786,Anna Katrina,aktorrejon@gmail.com,+639426523609
7001217012,Jommel,aimocj24@gmail.com,+639995575385
7001120218,CATHERINE KAY,gairanodcat@gmail.com,+639171058492
7001224332,Sherry Rose,sherose445@yahoo.com,+639173057996
7001162371,Dina,dynesvt@yahoo.com,+639293937640
7001153288,Charity,charitysaranillo@yahoo.com,+639551568786
7001069592,Bevvy Catherine,bev_uno27@yahoo.com,+639088928816
7001223025,Jonell,jlquinones040817@gmail.com,+639322953670
7001222163,Maye Zaide,zaigon23@gmail.com,+639166914575
7001171496,Wildemer,wildestzmile@gmail.com,+639772459517
7001201759,Marlon,mllorando54@gmail.com,+639954588421
7001213755,Kiana Jane,kianajaneplacencia@gmail.com,+639081925138
7001192896,annabel,chealsy122016@gmail.com,+639360595211
7001220490,Allan,nick_A2007@yahoo.com,+639360595210
7001225189,Ronald,ronaldeliseopogoy@gmail.com,+639562698291
7001098359,Jopher,segoviajopher@yahoo.com,+63+639308332916
7001178013,Ivan Kristoffer,ivan_viloria@ymail.com,+639178499354
7001142925,PRINCESS,tethsanchez@gmail.com,+639176335985
7001172803,Kaye,kayeobautista@gmail.com,+639515241669
7001227176,Gavino,gavifangon@yahoo.com,+639253081169
7001200213,Grace Joy,Graceyaguilar2018@gmail.com,+639289671381
7001166407,Donna,donna_cute@yahoo.com,+639179028358
7001217076,Erwin,parconerwin516@gmail.com,+63
7001138177,Shaian,shaian.reyes@gmail.com,+63+639162419202
7001169457,Rei Matthew,matthew.escosia@gmail.com,+639088828694
7001227929,charise andrea,guzoncharise21@gmail.com,+639279241698
7001170821,Shenaryl,shenjulleza@gmail.com,+639955383676
7001214359,Bernadette,beibern19@gmail.com,+639985102900
7001225601,N,arch.malbas@gmail.com,+639159229501
7001179821,Kim Jayson,Marasigan_kj@yahoo.com,+639156148211
7001175904,Ella,ella_dapitan@yahoo.com,+639276564776
7001218399,Kreeezsha,kreezshabgarcia@gmail.COM,+639163005385
7001158306,John Christopher,aptboyzdotjc@yahoo.com,+639273782835
7001219634,Diosdado,dads_josie@yahoo.com,+639494550090
7001218023,Dianne Karla,malingdianne@gmail.com,+639673103908
7001226799,Edwin,edweighne@hotmail.com,+639984469990
7001210112,Roselle,rugestiada@gmail.com,+639268468025
7001221681,Mark Daven,md_parayan@yahoo.com,+639454150321
7001010701,Mary Dale,mdtraymundo@gmail.com,+639279209438
7001173470,Shiela,shiequigan@yahoo.com,+639166983054
7001168175,Cosme III Eric,eslinternational@gmail.com,+63+639209006479
7001222296,Albert,aabunagamd@gmail.com,+639176752238
7001177732,Kamille,ellimakrodriguez@gmail.com,+639179240032
7001226661,Jeffrey,jeffsalamatin0813@gmail.com,+639279849538
7001222452,Sandy,sandy.patena07@gmail.com,+639273916351
7001161890,STEPHANIE DIANNE,sdnuestro@yahoo.com,+639255929838
7001161785,sareena susana,sarahdayaldas@gmail.com,+639081095554
7001224683,Donald,donaldesmeria0108@gmail.com,+639565675649
7001226450,Arnelkent,arnel_mausisa@yahoo.com,+639388424159
7001219533,Lasaca,joanlasaca123@gmail.com,+639912164568
7001226759,Arnelkent,kenovdeo@gmail.com,+639266817354
7001224907,Sarah,jjbulabula@gmail.com,+639951851143
7001224953,Cyrus,c_villaflores@yahoo.com,+639999901993
7001224203,Krystal Kaye,krystalkayeserentas@gmail.com,+639912164568
7001224164,ANNALOU,annaloucainoy@gmail.com,+639177210688
7001116699,Sherlove,info.sherlove@gmail.com,+639173057735
7001117003,Mark Clint,markclintlura@yahoo.com,+639228207872
7001124211,Mary Loid,maryloidbernante@yahoo.com,+639195372787
7001123603,ruby june,rjrjuy@gmail.com,+639498258691
7001225070,Rony,ronybillano14@gmail.com,+639055192551
7001157896,John Carl,johncarlpalting21@gmail.com,+639278632135
7001152189,Hanna Ivy,hannaivylura@yahoo.com.ph,+639998902114
7001220163,Mae Anne,mae_anonuevo@yahoo.com,+639176233218
7001148393,Karen Cecilia,karcy.decastro@gmail.com,+639175409735
7001222698,LOUIS,arayat6@gmail.com,+639172703380
7001215726,Domingo Jr.,jhonesmeria@yahoo.com,+639212689847
7001182081,Allandale,allan.antenero@gmail.com,+639272998177
7001173481,May,maymie0529@gmail.com,+639159155006
7001166364,Aaron Paul,phampam2@gmail.com,+639473999910
7001179506,Kathleen,katobrador@gmail.com,+639357011987
7001188199,Vhengie,vhengie23@gmail.com,+639357207102
7001222359,Joanna,joanna11178@gmail.com,+639333623183
7001220115,Hazelino Janmil,Janmiloftana@gmail.com,+639951580358
7001224741,Nestor,nzcapistrano@gmail.com,'+639171729825
7001224678,Vincent,Vincentgalang102077@gmail.com,+639087890997
7001084277,Lea Grace,lea.orquillas@gmail.com,+639760062088
7000988965,Rubelyn,brainqconsultancy@gmail.com,+639770618218
7001220258,Fernando Jr,fernandobaculiojr@gmail.com,+639177023958
7001221131,Nathaniel,nedipus@gmail.com,+639753132900
7001221010,Jensen,jensen.jimenez@gmail.com,+639178439797
7001221504,Miljie,miljie.rombo@gmail.com,+639066744032
7001222563,Francis Louise,flborinaga@gmail.com,+639061558489
7001176853,MARIA CARMENCITA,mairiva26@gmail.com,+639950117148
7001213168,Alyssa,ajisilva39@gmail.com,+639752501972
7001220954,Nathaniel Esteban,nathaniel.dipus@gmail.com,+639753132900
7001220613,Kathleen,katdavincii@gmail.com,+639926799133
7001190020,Arthur,tourz_09@yahoo.com,+639179105160
7001168575,Maria Monica,lascano.monica@gmail.com,+639954636250
7001217936,Paul Kevin,kvnatwrk@gmail.com,+639178154809
7001225138,Alexander,Lxmano@yahoo.com,+639162368912
7001221229,Gian Carlo,gcsmercado@gmail.com,+639912260408
7001056606,Victorico,gm@fincafelizinc.com,+639151378471
7001161914,Raquel,sengco.raquel@gmail.com,+639952068609
7001150223,Aaron Dominic,tabinasaaron@gmail.com,+639176379904
7001173425,estrella fatima,estrellalandig@gmail.com,+639178674895
7001222537,MARIE,mfvenzon@yahoo.com,+639176299131
7001225192,Eden,eden08587@gmail.com,+639359369610
7001057230,Joanna Katrina,joankatsev@gmail.com,+639064718925
7001216798,cokie,connectchiu69@gmail.com,+639551393090
7001161584,Phillip Gene,hrhposh@gmail.com,+639176720908
7001003891,Stheven,sthevenletada@gmail.com,+63
7001196611,Mayflor,just4maye@gmail.com,+639177233814
7001210927,Michelle Anne,MichelleAnne.Lopez1@gmail.com,+639612504328
7001222769,Mariel,marielvcapistrano@gmail.com,+639173003227
7001190781,Ellineil,ellineil_bierra@yahoo.com,+639154016784
7001193574,Ma. Angelica Victori,sbjma.angelalano@gmail.com,+639758119490
7001224451,John Genreve,genreved13@gmail.com,+639270843124
7001125042,Kris Viel,krisvielc@gmail.com,+639752030590
7001198331,JONALYN,jonalynreyes0502@yahoo.com,+639275147997
7001165833,Ma. Theresa,teralunasol@gmail.com,+639369576966
7001123898,Marnelle Angela,manel11081@yahoo.com,+639277635277
7001207573,Mark Angelo,markleynes13@gmail.com,+639354318033
7001061168,Tita,tlmatulin@gmail.com,+639177919095
7001224326,Ronald ,ronaldhernandez06@yahoo.com,+639062187779
7001222357,Irin,Manzanillairin0720@yahoo.com,+639499816368
7001224528,Kevin Rey,kevinreybindoy@gmail.com,+639950148687
7001224462,Onofre,nviolymercado@yahoo.com,+639215023362
7001216997,Archieval,archiedimac21@yahoo.com,+639167911617
7001215581,Cristina,dimaculangancristina06@yahoo.com,+639499816368
7001203938,Anne Nerissa,annenerissa_saver@yahoo.com,+639062187779
7001178635,Lorrielyn,lainly18@gmail.com,+639985726040
7000918439,Ma Prances,prancesme@yahoo.com,+639266933519
7001192768,Deanna Gay,deedai1123@gmail.com,'+639274360660
7001004645,Carmen,carmencomia26@gmail.com,+63
7001220108,Joren,ebethgalon@gmail.com,+639760567126
7001161734,JHOANE,Jhoane.Macahia@shi-g.com,+639088973830
7001078226,Jayzel,jayzelnorona@gmail.com,+639178713337
7001006247,Rakel Kristine Zawin,ake.rakrisza@gmail.com,+63926655725
7001221265,Mark Keshniel,kahitano56@yahoo.com,+639297185647
7001225792,Francis,micro.chiprocessor@gmail.com,+639305569664
7001177218,Menchie,busylife087@gmail.com,+639321725584
7001219156,Kenneth,Kenrocks2387@gmail.com,+639274109384
7001219051,Leo,leo22revel@yahoo.com,+639150554359
7001219531,Analyn,badonanalyn@yahoo.com,+639568221149
7001219324,Asteria,asteriaserrano@yahoo.com,+639568221149
7001225080,Nonie,noniebadon22@yahoo.com,+639052802757
7001219779,Malou,serranomalou04@gmail.com,+639283994172
7001180230,Charmaine,koji.chris08@gmail.com,+639451857858
7001162143,Angeline Maria,angelinemariarafael@gmail.com,+639177976943
7001102399,Marco Paulo Garcia,mpalibudbud@gmail.com,+639957054085
7001221135,April,jinkazama0930@gmail.com,+639238699045
7001184906,djhoana,joan_rington@yahoo.com,+639321217788
7001220137,Jemmia,jemmiacarinote@gmail.com,+639687360386
7001224356,Carlo,cellonacarlo@gmail.com,+639177112165
7001177484,Mary Grace,marygracehiguerra@gmail.com,+639676697704
7001119293,Anna May,143.anna.a@gmail.com,+639451803410
7001221101,reyezekeil,rekelregalado@gmail.com,+639120935252
7001211432,ROWENA,rowenavaleros.5@gmail.com,+639976038223
7001222389,Ronnie,ronnireyes230@gmail.com,+639052157892
7001221109,Seandrex,seandrex19@gmail.com,+639664866551
7001200242,Krizzamel,krzzmlcllnts@gmail.com,+639958793343
7001162564,Kiel,kiel_gonzales@yahoo.com,+639165678325
7001162228,VALENTINA,vlengrindulo@yahoo.com,+639258493130
7001162736,Maricelda Mae,Mpajemolin@gmail.com,+639177003502
7001197473,wellaine,wellaineabeto24@yahoo.com,+639055624643
7001224997,Kingslee,kingsleecruz@googlemail.com,+639772879631
7001127295,Milkos Michael,milkosmichaelmartinez@gmail.com,+639369793285
7001129948,Geoffrey,geof.2191@gmail.com,+63667500379
7001199730,Maricate,maricatelanaja@gmail.com,+639386801771
7001228773,Meriam,meriamflores21@gmail.com,+639068045606
7001224829,Mark Jayvher,aboutall.ph@gmail.com,+639171041487
7001182453,Kirstein Pran,kpangod25@gmail.com,+639178056863
7000994147,Joy,joy.ladeza@yahoo.com,+63+639066966148
7001220345,Sunshine May,sunshinemay09@gmail.com,+639166494289
7001148909,Laurice,jigay.monforte@gmail.com,+63+639154941158
7001226610,Ralph Patrick,rpnranan@gmail.com,+639985517335
7001194759,anajies,dakilang_babae@yahoo.com,+639175331110
7001174364,ANA MAE,anamaesumalinog@gmail.com,+639278291294
7001118193,maria theresa,tetchay15@gmail.com,+639209787050
7001222470,Aaron,ronaa02@gmail.com,+639062910325
7001225767,Agnes,Adfangon@gmail.com,+639190082474
7001175663,Rachel,godspeacepush@gmail.com,+639989702021
7001221585,Rafael,rafael.dr.oca@gmail.com,+639177980013
7001161763,Sherryl,shengnarnegaspar@gmail.com,+639190684341
7001219250,Gelli,bituingelli@gmail.com,+639494550080
7001221009,TIMOTHY JOHN,timparagas617@gmail.com,+639150749105
7001186915,Toni Rose,mitchaquino0116@gmail.com,+63+639466496381
7001221408,Byron Joseph,botebyron@gmail.com,+639175660009
7001221230,Jessica,balinagayjessica@gmail.com,+639954529174
7001220294,Kevien charles,kjavate03@gmail.com,+639553241475
7001162642,Gabrielle,salangsanggabrielle@gmail.com,+639156452525
7001135887,Gianna Madel,giannamadel@gmail.com,+639065767346
7001170346,Madonna Hercia,angelhadjpio@gmail.com,+639177810394
7001221506,Alvin,avg585@yahoo.com,+639173237436
7001190004,Myline,mylinecervantes@gmail.com,+639224030488
7001003372,Sharon,sharon.moncada@live.com,+63
7001085410,Arlene,arlenebcordova@gmail.com,+639175279524
7001132558,Cesar,cyadao@gmail.com,+639067037378
7001223682,Aubrey,kirathrun13@yahoo.com,+639209479369
7001170069,Shenyrone Kim,xhengian.004@gmail.com,+639355730650
7001228249,Dane Benedict,danezkie@gmail.com,+633600380
7001178639,Analyn Grace,eynahh@gmail.com,+639274725511
7001201736,Johanna Gale,johanna.apolonio@gmail.com,+639171636238
7001179684,Lyren Joy,lyrenjoyobciana143@gmail.com,+639086668688
7001199240,Mark Louie,marklouie.zapata01@gmail.com,+639760571874
7001217070,Henry,henrychambersotb@yahoo.com.ph,+639164948546
7001224542,Keithlane Kyle,keithlanekyle08.kkse@gmail.com,+639163001416
7001119825,Mary Grace,marygraceesmeria@yahoo.com,+639184723601
7001141757,Brian Jay,brianjt05@gmail.com,+639152454560
7001215570,Francisco,fttamor@gmail.com,+639156926698
7001205366,Lyza,lyzalanda@gmail.com,+639959001307
7001202031,Patricia,patmagbanua@gmail.com,+639285511134
7001185969,maria inez,mayin_peralta@yahoo.com,+639998831258
7001143307,Christian Philip,dristian.me@gmail.com,+6329176316635
7001167572,Johnel,Johnelr@gmail.com,+639454201825
7001178817,paul justin,albanopauljustin@gmail.com,+639356165340
7001220864,michelle,michellesamsonflores@gmail.com,+639399323707
7001188042,Ofelia,ristt.ofeliaborral@gmail.com,+639974471431
7001168270,James Patrick,jpumahan@yahoo.com,+639177978034
7001162597,Lariz Diane,larizdmaranon@gmail.com,+639954842320
7001174526,Jerick,jerickgutierrez1@gmail.com,+639169968456
7001179322,Hannah Hazel Charmai,cshaene_tan28@yahoo.com,+639778464749
7001220521,Daniella,danii_tan@yahoo.com,+639566755128
7001141753,Menchu,menchu.rankudo@gmail.com,+639171103501
7001163481,joel,jol_miranda@yahoo.com.ph,+639207489112
7001220142,Jhayson,sibayanavanzagold@gmail.com,+639175145763
7001221223,Marc Addie Allan,maapgarin@gmail.com,+639285245410
7001209917,Rechel Rose,rechmickey@gmail.com,+639474648976
7001200864,harlene,haleyyy01@icloud.com,'+639173198120
7001217011,Waren,warenmsuva@gmail.com,+639617132112
7001220261,Julius Rommel,juliusbriones52@yahoo.com,+639153192367
7001222314,Editha,edithabirosel@yahoo.com,+639190946941
7001200858,Lorraine,thisismelorraine@gmail.com,+639567190724
7001168463,Reynalett Antonette,cresie01@gmail.com,+639757482948
7001188272,Judith,jhad1324@yahoo.com,+639165767203
7001221660,Mariel,marielcorpuz17@gmail.com,+639154482852
7001162196,Kristine joy,Mkristinejoy@yahoo.com,+639750125411
7001223335,Joseph,josephdramil@gmail.com,+639178805512
7001116722,Almira,iraiinyx@gmail.com,+639178778710
7001220543,Mark Terrence,mark_terrence_cancino@yahoo.com,+639454877195
7001206848,Cayce Mae,caycemaecalaor@yahoo.com,+639083370058
7001147809,Betorio,jayson2betorio@gmail.com,+639399459643
7001201712,Edith,chekwha77@gmail.com,+639055580492
7001195589,Jayson,jbetorio17@gmail.com,+639399459642
7001222107,Ramona Ria,riaongignacio@gmail.com,+639257476321
7001192515,Louela,louela_muniz@yahoo.com,+639569976348
7001114336,Jhoanna,jhoannapai82@gmail.com,+639957418829
7001221091,joy catherine,jcjavila@yahoo.com,+639272081221
7001222293,Mark Christopher,mcagtarap08@gmail.com,+639778044880
7001221417,Rommel,rhumgold@gmail.com,+639279112723
7001058417,Lovenia ,love.v.manzo@gmail.com,+639176370536
7001153156,shalom,shaijison@gmail.com,+639171243744
7001210942,Honeyvie,honeycasquejo@gmail.com,+639654407878
7001222539,Aj,ajppanilaga@gmail.com,+639497576043
7001221342,Angela,lozada_angela@yahoo.com,+639271511934
7001226881,Maoi Kervien,maoikrvn@gmail.com,+639176505581
7001162625,Reynald,yourreytailer@gmail.com,+639071511116
7001142858,Nisshamae,nisshamae@gmail.com,+639353696474
7001224402,Cristopher Jay,imcjcapili@gmail.com,+639669130301
7001204093,Ashlyn,ashlyn.sor@gmail.com,+639174633085
7001157253,Natalia,pereznatalia53@yahoo.com,+639105258379
7001127523,Maricar,mysteryshopper.mbetorio@gmail.com,+639224855308
7001226855,Ronan,0201ronanfernando@gmail.com,+639566050974
7001215571,Wilfredo,wilfredoramos0595@gmail.com,+639053125531
7001162670,Jonah May,jonah.tesio@gmail.com,+639989701918
7001224535,Tyrone James,TJReyes1014@gmail.com,+639950327328
7001224353,JIRO GABRIELLE,orlainjiro@gmail.com,+639169827696
7001179112,Sharwin Tyron,sharwintyronmagmanlac@gmail.com,+639556514425
7001165600,Shella ef-em,scmontinola@gmail.com,+639776076194
7001180346,Michelle,eurikyle27@yahoo.com,+639216452790
7001160532,Jocelyn,renjeale08@gmail.com,+639957850975
7001161025,Luzviminda,lsvicencio@gmail.com,+639154864728
7001222393,June Rose,junerosedelatorre@ymail.com,+639178545863
7001213156,Yancy,yancy.quiocson29@gmail.com,+63950870177
7001174467,Jonnavie,nab_ohyes@yahoo.com,+639173169877
7001219155,Luke,imbong.luke@gmail.com,+639178315853
7001162565,Milcah,cirque.vita@gmail.com,+639175723390
7001136400,ma. theresa,chua.matheresa@yahoo.com,+639338650065
7001137770,Marvin,marvin_718@yahoo.com,+639178544207
7001226197,Reneo,abucotrene@yahoo.com,+639656496721
7001225035,Cynthia,cindydasilyo@gmail.com,+639636330282
7001173517,Ma. Veronica Paz,mvocenar@gmail.com,+639976083507
7001211657,Nina Gay,nrfulgencio@gmail.com,+639688540502
7001225876,Mart Band,mbandmartin@gmail.com,+639272266807
7001177792,John Paul,ventulanjp@outlook.com,+639952047213
7001220792,Charlemagne Ian,porras_charlie@yahoo.com,+639167577186
7001219594,John Neil,salamatin.johnneil@gmail.com,+639672554943
7001176927,allan michael,fireaiz22@gmail.com,+639564226798
7001212851,Nicole Hillary,nicolehillary07@gmail.com,+639351134348
7001220128,Roman,rvegigajr24@gmail.com,+639350052006
7001181215,Penilee,penileegrefiel@yahoo.com,+639159243580
7001172622,Mia Geneva,miagenevasalvador@gmail.com,+639153561847
7001219196,Mia Grace,mia.mendova@gmail.com,+639276265015
7001222493,Marimae,bermidoma@gmail.com,+639617593865
7001080001,Jeanne,jandyandjihoo@yahoo.com,+639914757098
7001225522,Lushiene,sumagaysayshiene@gmail.com,+639203934918
7001225629,Klark,Pvtproperty87@gmail.com,+639101278799
7001226037,RONIE,ronierivdel5@gmail.com,+639184984156
7001221661,God Given,Adeodatusgivz1989@gmail.com,+639458141265
7001222122,Marlon,marlonferman777@gmail.com,+639460491914
7001220091,Jessri Paul,jpa522.ja@gmail.com,+639295115632
7001226314,Chin Shih,chinshihs.angfernandez@gmail.com,+639228668336
7001071418,Ruby Rosa,baldevarona_rubyrosa@yahoo.com,+639122290896
7001226695,Kristel,kristelkaith19@gmail.com,+639456042819
7001194957,Sheila,fieleona@gmail.com,+639661353792
7001225293,OLASUNKANMI,olasunkanmialadejuyigbe@gmail.com,+639432458679
7001111698,Cherish Mae,cherishmaepearson@gmail.com,+639391845621
7001183482,Michel,mitch_son@yahoo.com,+639298663286
7001116009,Ferby Kates,frbyfrbzcorteza@outlook.com,+639164429016
7001168228,Justine Luis,justine.fedillaga@yahoo.com,+639695323367
7001167863,Froilan,fevmapresident@gmail.com,+639271288617
7001222312,John Immanuel,estevezimmanuel00@gmail.com,+639176263671
7001199900,Angel Leica,angelmanga23@yahoo.com,+639175552679
7001165776,Ace amor,aceamor09@gmail.com,+639770077290
7001176205,Wilfredo,wilfredoramos010595@gmail.com,+639162337059
7001195947,Erika,erikareysaturay@gmail.com,+639228412159
7001122295,Jc Belle,jakabel.anasario@yahoo.com,+639682816711
7001222995,Rubie,rubieclavel89@gmail.com,+639206927146
7001220867,Jullin Marielle,jpark2239@gmail.com,+639202871408
7001168155,Michael,michael.deuna@gmail.com,'+639198178140
7001226709,Jay,jbalistamon@gmail.com,+639175887676
7001215535,Jhon Lester,lmaras@ymail.com,+639398865720
7001116047,CLAIRE ANN,clairenegro@gmail.com,+639190083041
7001113139,Deanne Kristine,deannebigay@gmail.com,+639950561122
7001212525,Leah,leahasuan@gmail.com,+639516095138
7001222267,Jessi james,jamestun89@gmail.com,+639128058783
7001221355,ROBERT,robertdinulos217@gmail.com,'+639955313087
7001116176,Ma Corazon,mccamins@yahoo.com,+63+639178662755
7001225234,Ismael,ismaelpangcoga57@gmail.com,+639656125533
7001220623,Rosswynn Apple,apple.lacida@gmail.com,'+639951795515
7001218908,Norberto,norbertoradin@gmail.com,+639772456012
7001060617,Maureen Ann,mazalsos@gmail.com,+639552014960
7001225674,ERNEST DOMINIC,edbcorrales@gmail.com,+639060276950
7001226533,NICOLE,PATERNO.JERELYN1975@GMAIL.COM,+632150779536
7001164369,Janaryn,eismajana@gmail.com,+639504497610
7001120851,Christian,cjtdelacruz@gmail.com,+639232831447
7001225527,Kimberly,kbalistamon@yahoo.com,+639174905785
7001225900,Josue,j.bgsla@gmail.com,+639209769178
7001221602,Emmanuel,anelitohim13@gmail.com,+639229058917
7001128435,Liezle,just_finding_friend@yahoo.com,+639092463032
7001111355,Almigift,mhay.gift@gmail.com,+639772103380
7001070134,Katrina Joy,kfapura@gmail.com,+639225176518
7000988963,Maria Rhecille,mrsramada@yahoo.com,+639301407965
7001130516,samuel ryan,samryanp5@gmail.com,+639453925216
7001215425,Karen,karen.aliganza@gmail.com,+639330395541
7001220356,pamela,pamelabaoruta@rocketmail.com,+639992285448
7001225493,Abbey Joules Keith,alrulete@hotmail.com,+639477627178
7001225461,Gilbert Kenn,glarambala@hotmail.com,+639105267575
7001220462,Ronald,synergypolomolok@gmail.com,+639552554921
7001219062,Rodel Jake,Rjcoronado143@gmail.com,+639128282003
7001153678,amerose ruby,ameroseruby@gmail.com,+63839494622263
7001221501,ricalyn,ricalyn013015@gmail.com,+639665501829
7001161821,Jarah,jarahbelle@gmail.com,+639508284862
7001153107,Christopher,christopherdeguzman17@gmail.com,+639179014117
7001221323,Katherine,manalansan.kathy@gmail.com,+639286651082
7001220284,Salve Regina,Srdulay@gmail.com,+639178414357
7001224766,Manglicmot,marylanmanglicmot95@gmail.com,+639474543455
7001224767,Alyssa Jade,ajmanalansan8@gmail.com,+639770410075
7001182395,Janet Valerie,janetvalerienacua@yahoo.com,+639561889711
7001221925,Amar,amar.dm@gmail.com,+639493979424
7001064604,Christian Michael,christianmichaelfernandez168@gmail.com,+639207823935
7001219645,Kristian,kristian.namb@gmail.com,+639177915065
7001218873,Cheri Rose,cherivvargas@yahoo.com,+639212841049
7001187249,Gay,ms.gayb@gmail.com,+639285544224
7001228513,axle josh,axzilycgt@gmail.com,+639171259448
7001221507,Princess Dianne,pdvillaceran02@yahoo.com,+639166848268
7001218998,Ecefas,paduaecefas@yahoo.com,+639096879381
7001195213,PREMITIVO,primitivozabalajr@yahoo.com,+639272657806
7001218977,Karen Gina,kgs_gk1526@yahoo.com,+639777639388
7001222241,George,gnatividadjr01@gmail.com,+639176489427
7001182407,Jae Cyda,jaecydaquilantang@gmail.com,+63+639176715565
7001208273,sheryl,sheylegaspii24@gmail.com,+639286858252
7001180504,Clarisse Anne,clarisse.mabutas@gmail.com,+639171409198
7001220964,Joel June,pen386june@gmail.com,+639950212246
7001161475,karen,k.abrinica@gmail.com,+639975549848
7001000367,Sherwin,sherwinteves77@gmail.com,+639985511029
