Shopper_Code,First_Name,Phone,AssnNo_1,Pay_1,SiteName_1
4400014936,Ingrid,+61478564486,1858740201,15.5,SHELL KINGLAKE WEST
7001208216,Kerry-ann,+61418328902,1858740201,15.5,SHELL KINGLAKE WEST
7001163432,Tanvi,+61470224752,1858740201,15.5,SHELL KINGLAKE WEST
7001189439,Jonatan,+61431222689,1858850365,18.5,SHELL COLES EXPRESS CAMP HILL
7000541106,Patricia,+61410677752,1858850300,18.5,SHELL COLES EXPRESS WYNNUM
7001107436,Ardian,+61432886949,1858850365,18.5,SHELL COLES EXPRESS CAMP HILL
7001108987,Sally,+61412320810,1858850365,18.5,SHELL COLES EXPRESS CAMP HILL
7000486924,Jennie,+61402441940,1858850365,18.5,SHELL COLES EXPRESS CAMP HILL
7001175770,tara,+61438213565,1858850365,18.5,SHELL COLES EXPRESS CAMP HILL
7001171982,Tracey,+61457203621,1858850300,18.5,SHELL COLES EXPRESS WYNNUM
7001218153,Katherine,+61401737196,1858850300,18.5,SHELL COLES EXPRESS WYNNUM
7000759668,Amanda,+61413407792,1858850300,18.5,SHELL COLES EXPRESS WYNNUM
7000011032,Noni,+61409 394 360,1858850300,18.5,SHELL COLES EXPRESS WYNNUM
7001203319,paul,+61450521881,1858850300,18.5,SHELL COLES EXPRESS WYNNUM
7000890406,Kim,+61409622756,1858850382,18.5,SHELL COLES EXPRESS CHAPEL HILL
7001060749,Kerrie,+61412220767,1858850382,18.5,SHELL COLES EXPRESS CHAPEL HILL
7000988838,pauline,+61429990019,1858850365,18.5,SHELL COLES EXPRESS CAMP HILL
7000072886,James,+61422 411 240,1858850365,18.5,SHELL COLES EXPRESS CAMP HILL
7001178255,Zhen Lin Damien,+61420767710,1858850385,18.5,SHELL COLES EXPRESS ROCKLEA
7001182482,Jesslyn,+61433963447,1858850385,18.5,SHELL COLES EXPRESS ROCKLEA
7001223638,Harsh,+61415660409,1858850385,18.5,SHELL COLES EXPRESS ROCKLEA
7001194034,Sikta,+61401309805,1858850382,18.5,SHELL COLES EXPRESS CHAPEL HILL
7001161289,Donna,+61403218120,1858850300,18.5,SHELL COLES EXPRESS WYNNUM
7001031622,Karen,+61409281379,1858850300,18.5,SHELL COLES EXPRESS WYNNUM
301156,Stephen,+61418 883 919,1858850300,18.5,SHELL COLES EXPRESS WYNNUM
7000130622,Colleen,+61410 410 666,1858850300,18.5,SHELL COLES EXPRESS WYNNUM
7000806132,Rapunzel,+61422413225,1858850382,18.5,SHELL COLES EXPRESS CHAPEL HILL
7000922017,helen,+61412630805,1858850382,18.5,SHELL COLES EXPRESS CHAPEL HILL
7001151271,ian,+61437785636,1858850382,18.5,SHELL COLES EXPRESS CHAPEL HILL
7001131731,Kylie,+61402563300,1858740101,30.5,SHELL NARRABRI
7000896817,leigh,+61423711272,1858740088,30.5,SHELL GLEN INNES
7001226208,Deanna,+61423152010,1858740088,30.5,SHELL GLEN INNES
7001201442,Dayna,+61438568121,1858740088,30.5,SHELL GLEN INNES
7000060441,Petrina,+61409631549,1858740010,30.5,SHELL BINGARA
3311928,Darryl,+61439629800,1858740078,30.5,SHELL DELUNGRA
7000432428,Ross,+61412421478,1858740088,30.5,SHELL GLEN INNES
7001149668,Anna,+61466148457,1858740088,30.5,SHELL GLEN INNES
7000565970,Lynda,+61417904642,1858740101,30.5,SHELL NARRABRI
7001005942,Bronwen,+61427416646,1858740059,30.5,SHELL HENTY
7000029785,Corinne,+61417 012 894,1858740059,30.5,SHELL HENTY
7001224748,Ying,+61402517471,1858740201,15.5,SHELL KINGLAKE WEST
7001140592,Ibramsha,+61404124871,1858740201,15.5,SHELL KINGLAKE WEST
7001218689,Jolevski,+61474511833,1858740201,15.5,SHELL KINGLAKE WEST
7001123977,abbas hussain naqvi,+61451192254,1858740201,15.5,SHELL KINGLAKE WEST
7000049904,Stephen,+61451 513349,1858740201,15.5,SHELL KINGLAKE WEST
7001178174,Risa,+61404932411,1858740201,15.5,SHELL KINGLAKE WEST
7000458981,Himanshu,+61433178972,1858740201,15.5,SHELL KINGLAKE WEST
7000890381,li,+61439340890,1858740201,15.5,SHELL KINGLAKE WEST
7000017472,Emma,+61419 510 602,1858740201,15.5,SHELL KINGLAKE WEST
7001039977,rebecca,+61418472936,1858850185,30.5,SHELL COLES EXPRESS WYALONG
3322043,Michelle,+61410 792 411,1858740001,30.5,SHELL JUNEE
7001053020,Zhu,+61423026959,1858740201,15.5,SHELL KINGLAKE WEST
7001106610,Yoon,+61403172552,1858740025,15.5,SHELL BUXTON
7000707699,Steve,+61429006105,1858740206,15.5,SHELL WOODSIDE
7000101289,Paula,+61439621131,1858740123,30.5,SHELL GRENFELL
7001083856,rebecca,+61458029209,1858740058,30.5,SHELL COWRA
7001108024,Ivan,+61434237066,1858740058,30.5,SHELL COWRA
7001093270,Gaille,+61431212551,1858740058,30.5,SHELL COWRA
7000612484,JO-ANNE,+61429708606,1858740058,30.5,SHELL COWRA
7000694079,Michelle,+61414189319,1858740058,30.5,SHELL COWRA
7001182798,Adam,+61481352055,1858740058,30.5,SHELL COWRA
7000555602,Ashleigh,+61414587381,1858740058,30.5,SHELL COWRA
7001106644,Gerard,+61426560326,1858740058,30.5,SHELL COWRA
7001139850,Shefali,+61435066001,1858740058,30.5,SHELL COWRA
3311162,Nicole,+61402153692,1858740058,30.5,SHELL COWRA
7001198681,Caitlin,+61429511633,1858740058,30.5,SHELL COWRA
7000772691,Megan,+61447237130,1858740058,30.5,SHELL COWRA
7001180685,Tracy,+61404595679,1858740058,30.5,SHELL COWRA
7001182372,Ian,+61400753806,1858740058,30.5,SHELL COWRA
7001215534,Salma,+61486461571,1858740058,30.5,SHELL COWRA
7001104888,TARIQ,+61414891568,1858740058,30.5,SHELL COWRA
7001058586,Naveen,+61411593725,1858850146,30.5,SHELL COLES EXPRESS TUMUT
7001055939,swetha,+61422564175,1858850146,30.5,SHELL COLES EXPRESS TUMUT
7000552080,Judy,+61414714477,1858850146,30.5,SHELL COLES EXPRESS TUMUT
7001022034,Nicole,+61424086150,1858850146,30.5,SHELL COLES EXPRESS TUMUT
7000766910,Mamun,+61422 158 432,1858850146,30.5,SHELL COLES EXPRESS TUMUT
7000437217,Sharon,+61406977101,1858850146,30.5,SHELL COLES EXPRESS TUMUT
7000980515,Antonia,+61416638493,1858740058,30.5,SHELL COWRA
7001226271,Anne,+61429419216,1858740059,30.5,SHELL HENTY
7001156504,Timothy,+61413915569,1858740103,30.5,SHELL COONAMBLE ROADHOUSE
7001209440,LYNN,+61403648774,1858740103,30.5,SHELL COONAMBLE ROADHOUSE
7001053948,Veronica,+61417495356,1858740103,30.5,SHELL COONAMBLE ROADHOUSE
7001202166,Raj,+61467390535,1858740201,15.5,SHELL KINGLAKE WEST
7000756351,pat,+61422000130,1858740201,15.5,SHELL KINGLAKE WEST
7001150666,Bhav,+61433698836,1858740201,15.5,SHELL KINGLAKE WEST
7001227307,Daniel,+61430024700,1858740201,15.5,SHELL KINGLAKE WEST
7000891422,Don,+61412559628,1858740201,15.5,SHELL KINGLAKE WEST
7000478868,Ebony,+61438896234,1858740201,15.5,SHELL KINGLAKE WEST
7001031160,Rebecca,+61413967794,1858740201,15.5,SHELL KINGLAKE WEST
7000775923,Matthew,+61404579508,1858740201,15.5,SHELL KINGLAKE WEST
7001161464,Tina,+61420431650,1858740058,30.5,SHELL COWRA
7000062761,Louise,+61424 805 942,1858740059,30.5,SHELL HENTY
7001126617,Nilani,+61402776713,1858740059,30.5,SHELL HENTY
7000074753,Susan,+61412368556,1858740025,15.5,SHELL BUXTON
7000428409,Denise,+61437037047,1858740059,30.5,SHELL HENTY
7000737890,Preety,+61402769347,1858740201,15.5,SHELL KINGLAKE WEST
7000236063,Vivian,+61430130106,1858850385,18.5,SHELL COLES EXPRESS ROCKLEA
7000416459,Todd,+61,1858850385,18.5,SHELL COLES EXPRESS ROCKLEA
3311606,Michelle-Lyn,+61412 062 445,1858850385,18.5,SHELL COLES EXPRESS ROCKLEA
7000744537,Kay,+61415389280,1858850382,18.5,SHELL COLES EXPRESS CHAPEL HILL
7000434013,Dolly,+61419782045,1858850385,18.5,SHELL COLES EXPRESS ROCKLEA
7000895143,susan,+61421853335,1858850385,18.5,SHELL COLES EXPRESS ROCKLEA
7001005953,Kylie,+61413943904,1858850385,18.5,SHELL COLES EXPRESS ROCKLEA
7001225378,Nic,+61414399701,1858850385,18.5,SHELL COLES EXPRESS ROCKLEA
7001097766,Kris,+61439994826 ,1858850385,18.5,SHELL COLES EXPRESS ROCKLEA
7001225918,Lois,+61419657709,1858850385,18.5,SHELL COLES EXPRESS ROCKLEA
7001015449,Brian,+61487588707,1858740078,30.5,SHELL DELUNGRA
7000494632,Tina-Marie,+61412923400,1858740088,30.5,SHELL GLEN INNES
7001220757,Kyla,+61456607284,1858740088,30.5,SHELL GLEN INNES
7001187446,Daniel,+61468498789,1858740058,30.5,SHELL COWRA
7001210194,Anthony,+61488579999,1858740058,30.5,SHELL COWRA
7001085804,Arun,+61428903410,1858740058,30.5,SHELL COWRA
7000837192,Sam,+61455123465,1858740058,30.5,SHELL COWRA
7000347359,Chris,+61407017377,1858740058,30.5,SHELL COWRA
7000423033,Lorna,+61413877255,1858740058,30.5,SHELL COWRA
7001203601,Giselda,+61401022713,1858740058,30.5,SHELL COWRA
7000699201,Kate,+61414492258,1858740058,30.5,SHELL COWRA
7001077259,Gretta,+61438021656,1858740058,30.5,SHELL COWRA
7001200804,Lesia,+61403041241,1858740058,30.5,SHELL COWRA
7001209736,Eric,+61478773399,1858740058,30.5,SHELL COWRA
7001218896,Hope,+61435296469,1858740058,30.5,SHELL COWRA
7001111270,Jessie,+61408810273,1858740058,30.5,SHELL COWRA
7001194407,Jan Arvin,+61431791634,1858740058,30.5,SHELL COWRA
7000492718,Louise,+61412229364,1858740058,30.5,SHELL COWRA
7000497418,Zhiting Vicky,+61430469251,1858740058,30.5,SHELL COWRA
7000513054,Anfisa,+61+61426871403,1858740058,30.5,SHELL COWRA
7001127996,Vern,+61410380044,1858740058,30.5,SHELL COWRA
7000255803,Lisa,+61408 405 465,1858740058,30.5,SHELL COWRA
7001192464,Hao-Feng,+61450288693,1858850365,18.5,SHELL COLES EXPRESS CAMP HILL
7001104491,Rebecca,+61400711634,1858850382,18.5,SHELL COLES EXPRESS CHAPEL HILL
7001197266,Chi Trung,+61433753584,1858850297,18.5,SHELL COLES EXPRESS DALBY
7001091324,Raymond,+61474312079,1858850297,18.5,SHELL COLES EXPRESS DALBY
7001223080,Laurene,+61452642301,1858850297,18.5,SHELL COLES EXPRESS DALBY
7001227172,Michelle,+61402616531,1858850385,18.5,SHELL COLES EXPRESS ROCKLEA
7001221884,Carlene,+61422839542,1858850385,18.5,SHELL COLES EXPRESS ROCKLEA
7001208120,Ruth,+61401989941,1858850385,18.5,SHELL COLES EXPRESS ROCKLEA
7001207520,Camden,+61412746917,1858850385,18.5,SHELL COLES EXPRESS ROCKLEA
7000292047,Gill,+61405507736,1858850385,18.5,SHELL COLES EXPRESS ROCKLEA
7000326541,Joanne,+61412 153 282,1858850385,18.5,SHELL COLES EXPRESS ROCKLEA
7001148775,Jia Li,+61472707420,1858850385,18.5,SHELL COLES EXPRESS ROCKLEA
7001058682,Catriona,+61410137857,1858850385,18.5,SHELL COLES EXPRESS ROCKLEA
7001225079,Fiona,+61433096676,1858850385,18.5,SHELL COLES EXPRESS ROCKLEA
7000718577,Simone,+61407648084,1858850382,18.5,SHELL COLES EXPRESS CHAPEL HILL
7001196618,David,+61448848963,1858850382,18.5,SHELL COLES EXPRESS CHAPEL HILL
7001091141,Barry,+61430047157,1858850382,18.5,SHELL COLES EXPRESS CHAPEL HILL
7000789129,Katie,+61401978362,1858850382,18.5,SHELL COLES EXPRESS CHAPEL HILL
7000795329,Fay,+61481882852,1858850382,18.5,SHELL COLES EXPRESS CHAPEL HILL
7000696969,Hartwig,+61402719260,1858850382,18.5,SHELL COLES EXPRESS CHAPEL HILL
7000637308,cathy,+61,1858850382,18.5,SHELL COLES EXPRESS CHAPEL HILL
7000331611,Rajpreet,+61424054388,1858850385,18.5,SHELL COLES EXPRESS ROCKLEA
7000820345,Kelly,+61409275092,1858850385,18.5,SHELL COLES EXPRESS ROCKLEA
7001054136,Melinda,+61407620066,1858850385,18.5,SHELL COLES EXPRESS ROCKLEA
7000580811,Karen,+61421692436,1858850385,18.5,SHELL COLES EXPRESS ROCKLEA
7000732413,Coleen,+61406766467,1858740058,30.5,SHELL COWRA
7001215759,Jonathon,+61411413773,1858740058,30.5,SHELL COWRA
7001153795,SIDDHARATH,+61478516021,1858740058,30.5,SHELL COWRA
7001181685,Shoma,+61481328649,1858740058,30.5,SHELL COWRA
7001054849,Yashika,+61411195950,1858740058,30.5,SHELL COWRA
7001212579,Jaime Lee,+61413778890,1858740058,30.5,SHELL COWRA
7001207638,Faye,+61438677904,1858740058,30.5,SHELL COWRA
7001209730,Matthew,+61435044048,1858740058,30.5,SHELL COWRA
7001219992,Kelly,+61413301341,1858740058,30.5,SHELL COWRA
7001179376,Damon,+61,1858740058,30.5,SHELL COWRA
7000561530,Yogesh,+61423034776,1858740058,30.5,SHELL COWRA
7001064139,Penny,+61432619284,1858740058,30.5,SHELL COWRA
7001093555,Kumar,+61434190359,1858740058,30.5,SHELL COWRA
7001102626,vaibhavi,+61433170694,1858740058,30.5,SHELL COWRA
7000898975,Katie,+61404875578,1858740058,30.5,SHELL COWRA
7000767923,Cristina,+61478500609,1858740058,30.5,SHELL COWRA
7000017194,Caridad (Carrie),+61403 433 757,1858740058,30.5,SHELL COWRA
7000044669,Rini,+61405956983,1858740058,30.5,SHELL COWRA
7000083642,Kylie,+61417 697 311,1858740058,30.5,SHELL COWRA
3320140,Marivic,+61421 139 827,1858740058,30.5,SHELL COWRA
7001156969,Sakthi Priya,+61406460352,1858740058,30.5,SHELL COWRA
7000423124,Susan,+61418484374,1858740058,30.5,SHELL COWRA
7001208292,Alyssa,+61412733713,1858740201,15.5,SHELL KINGLAKE WEST
7001227934,hugh,+6141019226,1858740123,30.5,SHELL GRENFELL
7001031118,Michael,+61438824261,1858740123,30.5,SHELL GRENFELL
7000061927,Jane,+61417509590,1858740201,15.5,SHELL KINGLAKE WEST
7000815966,Yvonne,+61413317174,1858740201,15.5,SHELL KINGLAKE WEST
7000900242,Diane,+61458393567,1858740201,15.5,SHELL KINGLAKE WEST
7001004322,Robert,+61458393567,1858740201,15.5,SHELL KINGLAKE WEST
7000983326,JANICE,+61488526423,1858740201,15.5,SHELL KINGLAKE WEST
7000968157,zoe,+61435202471,1858740201,15.5,SHELL KINGLAKE WEST
7001164564,Shayne,+61430037772,1858740201,15.5,SHELL KINGLAKE WEST
7001188108,Daniel,+61417700133,1858740201,15.5,SHELL KINGLAKE WEST
7001157520,Michael,+61400662999,1858740201,15.5,SHELL KINGLAKE WEST
7000017808,shanelle,+61,1858740201,15.5,SHELL KINGLAKE WEST
7001133117,Necha,+61439918030,1858740201,15.5,SHELL KINGLAKE WEST
7001200181,Kerryn,+61421178006,1858740201,15.5,SHELL KINGLAKE WEST
7001155736,Heather,+61413620255,1858740201,15.5,SHELL KINGLAKE WEST
7000414506,Kathleen,+61405640343,1858850300,18.5,SHELL COLES EXPRESS WYNNUM
7000569051,George,+61405640343,1858850300,18.5,SHELL COLES EXPRESS WYNNUM
7001223598,Benjamin,+61450323144,1858850300,18.5,SHELL COLES EXPRESS WYNNUM
7000737793,Allan,+61410653339,1858850297,18.5,SHELL COLES EXPRESS DALBY
7001221138,Lauren,+61419439992,1858850300,18.5,SHELL COLES EXPRESS WYNNUM
7001220347,Christina,+61420588210,1858850300,18.5,SHELL COLES EXPRESS WYNNUM
7000877085,russell,+61499988076,1858850300,18.5,SHELL COLES EXPRESS WYNNUM
7000881529,Zana,+61406905535,1858850300,18.5,SHELL COLES EXPRESS WYNNUM
7000473790,Lynette,+61414845140,1858850300,18.5,SHELL COLES EXPRESS WYNNUM
7001141601,rob,+61408000306,1858850300,18.5,SHELL COLES EXPRESS WYNNUM
7000805401,Marina,+61423088558,1858850065,15.5,SHELL COLES EXPRESS BAIRNSDALE
7000673118,DEBBIE,+61404020181,1858740088,30.5,SHELL GLEN INNES
7001212751,Elisabeth,+61468313842,1858740058,30.5,SHELL COWRA
7001181772,Daniel,+61401417558,1858740058,30.5,SHELL COWRA
7001184219,Amelia,+61412417558,1858740058,30.5,SHELL COWRA
7001200292,Madeleine,+61490059525,1858740058,30.5,SHELL COWRA
7001220542,Karyn,+61497112625,1858740058,30.5,SHELL COWRA
7001141135,Melissa,+61438623956,1858740058,30.5,SHELL COWRA
7001210404,Dean,+61403070671,1858740058,30.5,SHELL COWRA
7001152938,david,+61499111747,1858740058,30.5,SHELL COWRA
7001152964,Shavaunne,+61499102626,1858740058,30.5,SHELL COWRA
7001161333,Kylie,+61499111747,1858740058,30.5,SHELL COWRA
7001188907,Newman,+61412912569,1858740058,30.5,SHELL COWRA
7001145197,Ronlyn,+61404464535,1858740058,30.5,SHELL COWRA
7001156189,Jaime,+61427201766,1858740112,50,SHELL HAY
7000909989,Melissa,+61479196634,1858740058,30.5,SHELL COWRA
7000624613,Margaret,+61414194602,1858740058,30.5,SHELL COWRA
7001210496,Natasha,+6147394047,1858740058,30.5,SHELL COWRA
7000041574,Anne,+61407 660 282,1858740058,30.5,SHELL COWRA
7000730395,Natalie,+61405371142,1858740058,30.5,SHELL COWRA
7000954598,Nathan,+61431247711,1858740058,30.5,SHELL COWRA
7001064169,David,+61430215795,1858740058,30.5,SHELL COWRA
7001059957,Lynette,+61404665536,1858740058,30.5,SHELL COWRA
7001193849,Amanda,+61400048501,1858740077,30.5,SHELL TEMORA
7000945456,Wallace,+61408979759,1858740088,30.5,SHELL GLEN INNES
7000637110,Leanne,+61423062927,1858740088,30.5,SHELL GLEN INNES
7001211517,Charlene,+61432330410,1858740088,30.5,SHELL GLEN INNES
7001161967,Brendan,+61490057031,1858740077,30.5,SHELL TEMORA
7000733723,Amanda,+61,1858740058,30.5,SHELL COWRA
7000631059,Marnie,+61,1858740112,50,SHELL HAY
7000892024,Kristeen,+61438396126,1858740112,50,SHELL HAY
7001138426,Janelle,+61481331215,1858850300,18.5,SHELL COLES EXPRESS WYNNUM
7001031798,GARRY,+61424230306,1858850146,30.5,SHELL COLES EXPRESS TUMUT
7001084883,Kylie,+61411343333,1858740058,30.5,SHELL COWRA
7001207258,Banuri,+61447023888,1858740201,15.5,SHELL KINGLAKE WEST
7001216833,Michael,+61477009998,1858740201,15.5,SHELL KINGLAKE WEST
7001215432,Gaurav,+61415477687,1858740201,15.5,SHELL KINGLAKE WEST
7001196299,Sagar,+61425649715,1858740201,15.5,SHELL KINGLAKE WEST
7001117616,Damien,+61428535282,1858740201,15.5,SHELL KINGLAKE WEST
7000022460,Kirsteen,+61416280751,1858740201,15.5,SHELL KINGLAKE WEST
7001190705,Mohamed Riyasdeen,+61470657881,1858740201,15.5,SHELL KINGLAKE WEST
7001211490,Karla,+61466585156,1858740201,15.5,SHELL KINGLAKE WEST
7000888979,Trusha,+61433991422,1858740201,15.5,SHELL KINGLAKE WEST
7000881621,Janelle,+61422046620,1858740201,15.5,SHELL KINGLAKE WEST
7000699242,keith,+61447499551,1858740201,15.5,SHELL KINGLAKE WEST
7001142441,Angelo,+61425857027,1858740201,15.5,SHELL KINGLAKE WEST
7001167435,Giovannina,+61433886513,1858740201,15.5,SHELL KINGLAKE WEST
7001189988,Zaffer Imran,+61470032924,1858740201,15.5,SHELL KINGLAKE WEST
7001114847,ram,+61455305697,1858740201,15.5,SHELL KINGLAKE WEST
7000847827,Jan,+61422785017,1858740201,15.5,SHELL KINGLAKE WEST
7000852154,Nat,+61432304080,1858740201,15.5,SHELL KINGLAKE WEST
7001055936,Pamela,+61+61403509747,1858740201,15.5,SHELL KINGLAKE WEST
7000482828,Edwina,+61439636804,1858740201,15.5,SHELL KINGLAKE WEST
7000515790,John,+61439636804,1858740201,15.5,SHELL KINGLAKE WEST
7001042040,Christine,+61427212441,1858740103,30.5,SHELL COONAMBLE ROADHOUSE
7000040088,Elisabeth,+61411461540,1858740206,15.5,SHELL WOODSIDE
7001154095,John,+61488737644,1858740201,15.5,SHELL KINGLAKE WEST
7001194840,Paola,'+6161432808321,1858740201,15.5,SHELL KINGLAKE WEST
7001167077,Narelle,+61431419866,1858740201,15.5,SHELL KINGLAKE WEST
7001225636,Nisa,+61435194188,1858740201,15.5,SHELL KINGLAKE WEST
7001126355,Carolina,+61419118142,1858740201,15.5,SHELL KINGLAKE WEST
7001219018,Erica,+61411732630,1858740201,15.5,SHELL KINGLAKE WEST
7001222532,Clare,+61413456196,1858740201,15.5,SHELL KINGLAKE WEST
7001224738,Sau Fun,+61414085453,1858740201,15.5,SHELL KINGLAKE WEST
7000732382,Leesa,+61411665283,1858740201,15.5,SHELL KINGLAKE WEST
7000726351,wijekoon,+61430561895,1858740201,15.5,SHELL KINGLAKE WEST
7001095148,Ben,+61438543588,1858740201,15.5,SHELL KINGLAKE WEST
7001197676,SENTHIL KUMAR,+61435610526,1858740201,15.5,SHELL KINGLAKE WEST
7001226876,Taranbir singh,+61469555894,1858740201,15.5,SHELL KINGLAKE WEST
7001123195,Horace,+61413188898,1858740201,15.5,SHELL KINGLAKE WEST
7001187661,Sameera,+61468367561,1858740201,15.5,SHELL KINGLAKE WEST
7001191333,Michael,+61424943313,1858740201,15.5,SHELL KINGLAKE WEST
7001147100,Ka-Chi,+61403900551,1858740201,15.5,SHELL KINGLAKE WEST
7000877783,Stephen,+61402157226,1858740201,15.5,SHELL KINGLAKE WEST
7000896743,Kylie,+61425266130,1858740201,15.5,SHELL KINGLAKE WEST
7001210154,Jiyeon,+61425555970,1858740201,15.5,SHELL KINGLAKE WEST
7000607233,Fox,+61425205018,1858740201,15.5,SHELL KINGLAKE WEST
7000621302,Calvin,+61403318269,1858740201,15.5,SHELL KINGLAKE WEST
7001051590,Ravirala,+61438192989,1858740201,15.5,SHELL KINGLAKE WEST
7001196959,Ritika,+61421222666,1858740201,15.5,SHELL KINGLAKE WEST
7001185447,Niraj,+61429845367,1858740201,15.5,SHELL KINGLAKE WEST
7001038870,Sonja,+61407887433,1858740201,15.5,SHELL KINGLAKE WEST
7000495949,Robyn,+61402933394,1858740201,15.5,SHELL KINGLAKE WEST
7000817434,Jennifer,+61414812154,1858740201,15.5,SHELL KINGLAKE WEST
7000480375,Adina,+61401 392 594,1858740201,15.5,SHELL KINGLAKE WEST
7000002676,Dale,+61411 412 564,1858740201,15.5,SHELL KINGLAKE WEST
7000005676,Bev,+61423 125 047,1858740201,15.5,SHELL KINGLAKE WEST
7000005649,Claire,+61458672452,1858740201,15.5,SHELL KINGLAKE WEST
7000080433,John,+61407 175 095,1858740201,15.5,SHELL KINGLAKE WEST
7000186254,Lisa,+61402521388,1858740201,15.5,SHELL KINGLAKE WEST
7001027977,Annette,+61421301730,1858740201,15.5,SHELL KINGLAKE WEST
7001152012,Su Rong,+61432718245,1858740201,15.5,SHELL KINGLAKE WEST
7000004421,Shelley,+61409 135 472,1858740201,15.5,SHELL KINGLAKE WEST
7000933970,Michelle,+61411607280,1858740201,15.5,SHELL KINGLAKE WEST
3323216,Susan,+61432538270,1858740201,15.5,SHELL KINGLAKE WEST
7001028542,Gemma,+61405574660,1858740162,30.5,SHELL MIRIAM VALE
7000282477,Anita,+61409871128,1858740162,30.5,SHELL MIRIAM VALE
7001170309,Jason,+61490499379,1858740162,30.5,SHELL MIRIAM VALE
7001122666,Sally,+61408636630,1858740162,30.5,SHELL MIRIAM VALE
7001154361,John,+61418745792,1858740162,30.5,SHELL MIRIAM VALE
7001083784,Kerry,+61409526399,1858740201,15.5,SHELL KINGLAKE WEST
7000987804,Julie,+61422798802,1858850385,18.5,SHELL COLES EXPRESS ROCKLEA
7000811946,Trina,+61458150079,1858850385,18.5,SHELL COLES EXPRESS ROCKLEA
7001087354,Joanna,+61447614683,1858740187,15.5,SHELL WEST LAUNCESTON
7000232885,Karen,+61401164609,1858740187,15.5,SHELL WEST LAUNCESTON
7001225355,Anita,+61400795116,1858850444,15.5,SHELL COLES EXPRESS LAUNCESTON
7001164336,Paul,+61+61402997425,1858850444,15.5,SHELL COLES EXPRESS LAUNCESTON
7000332832,Vicki,+61417684058,1858850444,15.5,SHELL COLES EXPRESS LAUNCESTON
7000343229,Marjory,+61419 565 303,1858850444,15.5,SHELL COLES EXPRESS LAUNCESTON
7001209137,christina,+61427476952,1858850444,15.5,SHELL COLES EXPRESS LAUNCESTON
7001160669,Samantha,+61417808766,1858850444,15.5,SHELL COLES EXPRESS LAUNCESTON
7001070468,Linda,+61402551468,1858850444,15.5,SHELL COLES EXPRESS LAUNCESTON
7000891434,Eleanor,+61476691661,1858850444,15.5,SHELL COLES EXPRESS LAUNCESTON
7000326728,Graeme,+61428319442,1858850444,15.5,SHELL COLES EXPRESS LAUNCESTON
7000005555,Vikki,+61429391358 text if call reception doesn't work :),1858740201,15.5,SHELL KINGLAKE WEST
7000283459,Kathryn,+61427765272,1858740278,30.5,SHELL OGMORE (TOOLOOMBAH CREEK ROADHOUSE)
7001182630,Leanne,+61419364384,1858740164,30.5,SHELL GLADSTONE
7000490005,Laura,+61408129765,1858740164,30.5,SHELL GLADSTONE
7001183345,Sandie,+61437651964,1858740164,30.5,SHELL GLADSTONE
7000645173,Bradley,+61423749821,1858850300,18.5,SHELL COLES EXPRESS WYNNUM
7001119451,Josephine,+61417600082,1858740187,15.5,SHELL WEST LAUNCESTON
7001135161,Kevin,+61411215005,1858740187,15.5,SHELL WEST LAUNCESTON
7000945504,Matthew,+61409162784,1858740187,15.5,SHELL WEST LAUNCESTON
7001211631,Enrico,+61448579556,1858740187,15.5,SHELL WEST LAUNCESTON
7000519727,Mik,+61407879878,1858740187,15.5,SHELL WEST LAUNCESTON
7000681813,eleni,+61424967818,1858740187,15.5,SHELL WEST LAUNCESTON
7001161266,Stephanie,+61438267174,1858740187,15.5,SHELL WEST LAUNCESTON
7001154332,anthony,+61414318295,1858740187,15.5,SHELL WEST LAUNCESTON
7001175863,Gail,+61467534653,1858740278,30.5,SHELL OGMORE (TOOLOOMBAH CREEK ROADHOUSE)
7000099881,Tracey,+61408572734,1858740278,30.5,SHELL OGMORE (TOOLOOMBAH CREEK ROADHOUSE)
7001215481,Erin,+61408072850,1858740278,30.5,SHELL OGMORE (TOOLOOMBAH CREEK ROADHOUSE)
7001211811,Lewys,+61420754120,1858740278,30.5,SHELL OGMORE (TOOLOOMBAH CREEK ROADHOUSE)
7000285296,Chris,+61427 263 014,1858740278,30.5,SHELL OGMORE (TOOLOOMBAH CREEK ROADHOUSE)
7001123311,Jacqueline,+61424166079,1858850194,25.5,SHELL COLES EXPRESS NARRANDERA
7001179657,Kelly,+61448778641,1858740112,50,SHELL HAY
7001223700,Belinda,+61456902105,1858740187,15.5,SHELL WEST LAUNCESTON
7000671551,David,+61409359076,1858740187,15.5,SHELL WEST LAUNCESTON
7000432588,Stuart,+61416292252,1858740201,15.5,SHELL KINGLAKE WEST
7000868541,Karen,+61447775556,1858740201,15.5,SHELL KINGLAKE WEST
7001209727,Sharon,+61408010665,1858740156,200,SHELL RICHMOND (MIDWAY)
7001106354,Victoria,+61456672952,1858740156,200,SHELL RICHMOND (MIDWAY)
7001219964,Marian,+61438068663,1858740156,200,SHELL RICHMOND (MIDWAY)
7000800309,Maree,+61417106724,1858740156,200,SHELL RICHMOND (MIDWAY)
7001037483,Janna,+61417134742,1858740156,200,SHELL RICHMOND (MIDWAY)
7000396782,Jacob,+61411135261,1858740156,200,SHELL RICHMOND (MIDWAY)
7000766081,Helen,+61417607057,1858740278,30.5,SHELL OGMORE (TOOLOOMBAH CREEK ROADHOUSE)
7000855899,David,+61409494411,1858740112,50,SHELL HAY
3329536,Deirdre ,+61438 139 868,1858740201,15.5,SHELL KINGLAKE WEST
7000366048,Sandra,+6142-733-3510,1858740156,200,SHELL RICHMOND (MIDWAY)
7000539254,Lorraine,+61428456440,1858740156,200,SHELL RICHMOND (MIDWAY)
7000226826,Susan,+61432636029,1858740156,200,SHELL RICHMOND (MIDWAY)
7000100784,Karissa,+61429 033 286,1858740156,200,SHELL RICHMOND (MIDWAY)
7000565366,Michelle,+61421522680,1858740156,200,SHELL RICHMOND (MIDWAY)
