Shopper_Code,First_Name,Last_name,Status,Contact_mobile,Suburb,State,SiteAddress_1,Suburb_1
7000932410,Rowena,Abanes,A,+14033544269,Calgary,,"BOX 1839, 200-680 2 ST. SE,",DRUMHELLER
7001004854,Salman,Ghaznavi,A,+14033835495,Calgary,AB,"BOX 1839, 200-680 2 ST. SE,",DRUMHELLER
7001124879,Barinder,Sohi,A,+14034024151,Calgary,AB,"BOX 1839, 200-680 2 ST. SE,",DRUMHELLER
7001206641,Megan,Nicholson,A,+14037957037,Lethbridge,AB,"BOX 1839, 200-680 2 ST. SE,",DRUMHELLER
7001162737,Wenylyn,Catiloc,A,+15149929337,Calgary,AB,"BOX 1839, 200-680 2 ST. SE,",DRUMHELLER
7001220511,Navjot,Kaur,A,+15877006101,Calgary,AB,"BOX 1839, 200-680 2 ST. SE,",DRUMHELLER
7001199142,Angela,Day,A,+15878906990,Calgary,AB,"BOX 1839, 200-680 2 ST. SE,",DRUMHELLER
7001168063,John,Denate,A,+17802430880,Wainwright,AB,"BOX 1839, 200-680 2 ST. SE,",DRUMHELLER
7000136585,Betty,Ducharme,A,+14039122195,,AB,"BOX 1839, 200-680 2 ST. SE,",DRUMHELLER
7001019160,Jami,Boyd,A,+12047959829,Calgary,AB,"BOX 1839, 200-680 2 ST. SE,",DRUMHELLER
7000418743,Cheryl,Mulder,A,+1306 641 4215,Calgary,Alberta,"BOX 1839, 200-680 2 ST. SE,",DRUMHELLER
7001221365,Shelly,Cayer,A,+13069144584,Red Deer,AB,"BOX 1839, 200-680 2 ST. SE,",DRUMHELLER
7000938130,Kym,MacKinnon,A,+14026882046,airdrie,AB,"BOX 1839, 200-680 2 ST. SE,",DRUMHELLER
7000124060,Nikki,Mckeand,A,+1403 309 4161,,AB,"BOX 1839, 200-680 2 ST. SE,",DRUMHELLER
7000126282,Marjorie,Martin,A,+1403 804 7773,Alberta,AB,"BOX 1839, 200-680 2 ST. SE,",DRUMHELLER
7000432664,Larisa,Craig,A,+14032222222,Calgary,AB,"BOX 1839, 200-680 2 ST. SE,",DRUMHELLER
7000511853,Marina,Moore,A,+14032231851,Taber,,"BOX 1839, 200-680 2 ST. SE,",DRUMHELLER
7000620440,Carol,Day,A,+14032235606,Taber,AB,"BOX 1839, 200-680 2 ST. SE,",DRUMHELLER
7001218845,Laura,Rider,A,+14032771599,Hanna,AB,"BOX 1839, 200-680 2 ST. SE,",DRUMHELLER
7001191035,Brandy,Johnson,A,+14033082814,Lethbridge,AB,"BOX 1839, 200-680 2 ST. SE,",DRUMHELLER
7000377736,Tania,Walls,A,+14033180429,Red Deer,Alberta,"BOX 1839, 200-680 2 ST. SE,",DRUMHELLER
7001228275,Candace,Savage,A,+14033186773,Red Deer,AB,"BOX 1839, 200-680 2 ST. SE,",DRUMHELLER
7001116169,Nicole,Tom,A,+14033244774,Chestermere,AB,"BOX 1839, 200-680 2 ST. SE,",DRUMHELLER
7001143562,Jireh,Tsukishima,A,+14033318483,LETHBRIDGE,AB,"BOX 1839, 200-680 2 ST. SE,",DRUMHELLER
7001187593,Alex,Kishkovich,A,+14033333333,Calgary,AB,"BOX 1839, 200-680 2 ST. SE,",DRUMHELLER
7000488310,Alisha,Ouellette,A,+14033414600,Red Deer,AB,"BOX 1839, 200-680 2 ST. SE,",DRUMHELLER
7001159305,Peter,Remington,A,+14033468026,Red Deer,AB,"BOX 1839, 200-680 2 ST. SE,",DRUMHELLER
7000297445,Valdene,Calllin,A,+14033489958,Red Deer,AB,"BOX 1839, 200-680 2 ST. SE,",DRUMHELLER
7000829185,Glenda,Jackman,A,+14033526625,Sylvan Lake,AB,"BOX 1839, 200-680 2 ST. SE,",DRUMHELLER
7001221337,Steven,Toft,A,+14033574889,Red Deer,AB,"BOX 1839, 200-680 2 ST. SE,",DRUMHELLER
7001219707,Kristie,Fehr,A,+14033577778,Red Deer County,AB,"BOX 1839, 200-680 2 ST. SE,",DRUMHELLER
7000475823,Deb,Harley,A,+14033590359,Lethbridge,AB,"BOX 1839, 200-680 2 ST. SE,",DRUMHELLER
7000378690,Jose,Streeter,A,+14033603400,Lethbridge,AB,"BOX 1839, 200-680 2 ST. SE,",DRUMHELLER
7000511435,Shirley,Francis,A,+14033818396,Lethbridge,AB,"BOX 1839, 200-680 2 ST. SE,",DRUMHELLER
7001192901,Madison,Hanelt,A,+14033829687,lethbridge,AB,"BOX 1839, 200-680 2 ST. SE,",DRUMHELLER
7000631878,SueAnne,Fu,A,+14033830746,Calgary,AB,"BOX 1839, 200-680 2 ST. SE,",DRUMHELLER
7001126639,Mohammad,Ahmed,A,+14033894369,Calgary,AB,"BOX 1839, 200-680 2 ST. SE,",DRUMHELLER
7001219726,Danielle,King,A,+14033927432,Penhold,AB,"BOX 1839, 200-680 2 ST. SE,",DRUMHELLER
7001199914,Evan Grecco,Lucina,A,+14033927467,Red Deer,AB,"BOX 1839, 200-680 2 ST. SE,",DRUMHELLER
7001228192,Amanda,Nauta,A,+14033933439,Granum,AB,"BOX 1839, 200-680 2 ST. SE,",DRUMHELLER
7000780523,gordon,Lam,A,+14033973049,Calgary,AB,"BOX 1839, 200-680 2 ST. SE,",DRUMHELLER
7001215350,Manjot,Sharma,A,+14033974157,Calgary,AB,"BOX 1839, 200-680 2 ST. SE,",DRUMHELLER
7001170057,Candy,Poon,A,+14033992466,Calgary,AB,"BOX 1839, 200-680 2 ST. SE,",DRUMHELLER
7000969918,Geronimo,Zaballa,A,+14034016297,OKOTOKS,AB,"BOX 1839, 200-680 2 ST. SE,",DRUMHELLER
7001210235,Manpreet,Singh,A,+14034229000,Claresholm,AB,"BOX 1839, 200-680 2 ST. SE,",DRUMHELLER
7000835758,Bianca,Demmers,A,+14034606019,Calgary,AB - Alberta (CANADA),"BOX 1839, 200-680 2 ST. SE,",DRUMHELLER
7000551619,Carol,Moore,A,+14034614534,High River,AB,"BOX 1839, 200-680 2 ST. SE,",DRUMHELLER
7001221832,Julie,Rintoul,A,+14034619546,Chestermere,AB,"BOX 1839, 200-680 2 ST. SE,",DRUMHELLER
7001143658,Priscilla,Mooketsi,A,+14034647050,Calgary,AB,"BOX 1839, 200-680 2 ST. SE,",DRUMHELLER
7001176350,Emilie,Delorme-Newsom,A,+14034658495,Bragg Creek,AB,"BOX 1839, 200-680 2 ST. SE,",DRUMHELLER
7000931154,Anita,Szott,A,+14034665400,Calgary,AB,"BOX 1839, 200-680 2 ST. SE,",DRUMHELLER
7001221976,SUKHI,NAYAK,A,+14034729230,calgary,AB,"BOX 1839, 200-680 2 ST. SE,",DRUMHELLER
7001201948,Vera,Tam,A,+14034773395,Calgary,AB,"BOX 1839, 200-680 2 ST. SE,",DRUMHELLER
7001096435,James,Moisan,A,+14034794233,Calgary,AB,"BOX 1839, 200-680 2 ST. SE,",DRUMHELLER
7001187114,Stacey,Pruim,A,+14034797433,Calgary,AB,"BOX 1839, 200-680 2 ST. SE,",DRUMHELLER
7000945738,Zachary,Huisman,A,+14034839475,Calgary,AB,"BOX 1839, 200-680 2 ST. SE,",DRUMHELLER
7001204453,eric,venzon,A,+14034984958,Taber,AB,"BOX 1839, 200-680 2 ST. SE,",DRUMHELLER
7001219725,Angela,Hitch,A,+14034999793,Drumheller,AB,"BOX 1839, 200-680 2 ST. SE,",DRUMHELLER
7001208298,Sahar,Charanek,A,+14034999912,Calgary,AB,"BOX 1839, 200-680 2 ST. SE,",DRUMHELLER
7001188587,Shar,Moghrabi,A,+14035051295,RedDeer,AB,"BOX 1839, 200-680 2 ST. SE,",DRUMHELLER
7001204846,Brandi,Balzer,A,+14035109343,Langdon,AB,"BOX 1839, 200-680 2 ST. SE,",DRUMHELLER
7000590184,Denise,Penfold,A,+14035123951,Calgary,AB,"BOX 1839, 200-680 2 ST. SE,",DRUMHELLER
7001214726,Leena,Masuta,A,+14035329658,Calgary,AB,"BOX 1839, 200-680 2 ST. SE,",DRUMHELLER
7001187251,Sandra,Cassidy,S,+14035405883,Calgary,AB,"BOX 1839, 200-680 2 ST. SE,",DRUMHELLER
7000674266,Peggy,Weidinger,A,+14035425650,Calgary,AB,"BOX 1839, 200-680 2 ST. SE,",DRUMHELLER
7001225185,Shaye,Callin,A,+14035507614,Red Deer,AB,"BOX 1839, 200-680 2 ST. SE,",DRUMHELLER
7000849464,Nina,Ngo,A,+1403-551-9444,red deer,AB,"BOX 1839, 200-680 2 ST. SE,",DRUMHELLER
7000249780,Christine,Gingrich,A,+14035696925,Calgary,AB,"BOX 1839, 200-680 2 ST. SE,",DRUMHELLER
7000951989,Marvin,Pawlivsky,A,+14035891934,Calgary,AB,"BOX 1839, 200-680 2 ST. SE,",DRUMHELLER
7001135244,Saurabh,Asthana,A,+14035924800,Calgary,AB,"BOX 1839, 200-680 2 ST. SE,",DRUMHELLER
7001185996,Moses,Kipkosgei,A,+14035931444,RED DEER,AB,"BOX 1839, 200-680 2 ST. SE,",DRUMHELLER
7001193727,Kaitlin,Sibbet,A,+14035939797,Lethbridge,AB,"BOX 1839, 200-680 2 ST. SE,",DRUMHELLER
7001225579,LORNA,STRANKMAN,A,+14035971901,RED DEER,AB,"BOX 1839, 200-680 2 ST. SE,",DRUMHELLER
7001190271,Vicky,Desjarlais,A,+14035972720,Lacombe,AB,"BOX 1839, 200-680 2 ST. SE,",DRUMHELLER
7001202470,Alex,Gunn,A,+14035977915,Red Deer,AB,"BOX 1839, 200-680 2 ST. SE,",DRUMHELLER
7000962482,Tonya,Davidson,A,+14036066180,Calgary,AB,"BOX 1839, 200-680 2 ST. SE,",DRUMHELLER
7001171558,Bonnie,McKinnon,A,+14036069289,Calgary,AB,"BOX 1839, 200-680 2 ST. SE,",DRUMHELLER
7001022453,eric,zayonce,A,+14036086997,Calgary,CA-AB,"BOX 1839, 200-680 2 ST. SE,",DRUMHELLER
7001136154,Zachary,Ploughman,A,+14036087430,Chestermere,AB,"BOX 1839, 200-680 2 ST. SE,",DRUMHELLER
7001181201,Malcolm,Jubinville,A,+14036120947,Calgary,AB,"BOX 1839, 200-680 2 ST. SE,",DRUMHELLER
7000160864,Kim,Marlatt,A,+14036122150,Carstairs,Alberta,"BOX 1839, 200-680 2 ST. SE,",DRUMHELLER
7000682389,Linda,Duff,A,+14036123833,Calgary,AB,"BOX 1839, 200-680 2 ST. SE,",DRUMHELLER
7000936744,Moe,Chehade,A,+14036146437,Lethbridge,AB,"BOX 1839, 200-680 2 ST. SE,",DRUMHELLER
7000179607,Diane,Lum,A,+14036153636,Calgary,AB,"BOX 1839, 200-680 2 ST. SE,",DRUMHELLER
7000926990,ted,blackmore,A,+14036160018,Calgary,Alberta,"BOX 1839, 200-680 2 ST. SE,",DRUMHELLER
7001179704,Rouxanna,Virani,A,+14036182273,Calgary,AB,"BOX 1839, 200-680 2 ST. SE,",DRUMHELLER
7001189059,Jean-Michel,Auger,A,+14036191425,Calgary,AB,"BOX 1839, 200-680 2 ST. SE,",DRUMHELLER
7001018246,Dorian,Kominek,A,+14036192560,Calgary,AB,"BOX 1839, 200-680 2 ST. SE,",DRUMHELLER
7001133699,israel,manglo,A,+14036193500,Calgary,AB,"BOX 1839, 200-680 2 ST. SE,",DRUMHELLER
7000849460,Nagina,Majeed,A,+14036197802,Calgary,AB,"BOX 1839, 200-680 2 ST. SE,",DRUMHELLER
7001219429,harinderjot,singh,A,+14036292253,calgary,AB,"BOX 1839, 200-680 2 ST. SE,",DRUMHELLER
7001172829,Robin,Gill,A,+14036296700,Calgary,AB,"BOX 1839, 200-680 2 ST. SE,",DRUMHELLER
7001179830,Teodora,Vermesan,A,+14036298729,Calgary,AB,"BOX 1839, 200-680 2 ST. SE,",DRUMHELLER
7001221467,Mubashar,Hussain,A,+14036336162,brooks,AB,"BOX 1839, 200-680 2 ST. SE,",DRUMHELLER
7001129332,Geral,Ocio,A,+14036354890,South,Alberta,"BOX 1839, 200-680 2 ST. SE,",DRUMHELLER
7001227971,Chris,Crane,A,+14036392656,Calgary,AB,"BOX 1839, 200-680 2 ST. SE,",DRUMHELLER
7001181839,Nancy,Farah,A,+14036503584,Calgary,AB,"BOX 1839, 200-680 2 ST. SE,",DRUMHELLER
7001153383,Eva,Klassen,A,+14036543095,Purple Springs,AB,"BOX 1839, 200-680 2 ST. SE,",DRUMHELLER
7001221359,Sara,Buchanan,A,+14036608694,Airdrie,AB,"BOX 1839, 200-680 2 ST. SE,",DRUMHELLER
7001174108,Cory,Hicks,A,+14036671479,Calgary,AB,"BOX 1839, 200-680 2 ST. SE,",DRUMHELLER
7001221437,Jaime,Eschyshyn,A,+14036696614,Calgary,AB,"BOX 1839, 200-680 2 ST. SE,",DRUMHELLER
7001222420,Mohamed,Alkadri,A,+14036712973,Calgary,AB,"BOX 1839, 200-680 2 ST. SE,",DRUMHELLER
7001156333,Erica,Fiesel,A,+14036812360,Calgary,AB,"BOX 1839, 200-680 2 ST. SE,",DRUMHELLER
7001131802,kevin,cloutier,A,+14036887080,canmore,AB,"BOX 1839, 200-680 2 ST. SE,",DRUMHELLER
7001222604,Darlacx,Blackmore,A,+14036893009,Calgary,AB,"BOX 1839, 200-680 2 ST. SE,",DRUMHELLER
7001219433,baljinder,Kaur,A,+14036895144,calgary,Alberta,"BOX 1839, 200-680 2 ST. SE,",DRUMHELLER
7001222697,Michelle,Thompson,A,+14036901554,Calgary,AB,"BOX 1839, 200-680 2 ST. SE,",DRUMHELLER
7001060625,Cynthia,Zheng,A,+14037001895,Calgary,AB,"BOX 1839, 200-680 2 ST. SE,",DRUMHELLER
7000710741,Terence,May,A,+14037019249,Calgary,AB,"BOX 1839, 200-680 2 ST. SE,",DRUMHELLER
7001193223,BIRANJ,PATEL,A,+14037156659,Lethbridge,AB,"BOX 1839, 200-680 2 ST. SE,",DRUMHELLER
7001167793,Jennifer,Hubick,A,+14037181772,Calgary,AB,"BOX 1839, 200-680 2 ST. SE,",DRUMHELLER
7001071868,Amanda,Mackay,A,+14037716818,Calgary,AB,"BOX 1839, 200-680 2 ST. SE,",DRUMHELLER
7000534312,Carol,Ypma,A,+14037824446,Lacombe,AB,"BOX 1839, 200-680 2 ST. SE,",DRUMHELLER
7001175176,Debra,Schawalder,A,+14037950777,Lethbridge,Alberta,"BOX 1839, 200-680 2 ST. SE,",DRUMHELLER
7000463559,Celine,Bond,A,+14037953815,Lethbridge,AB,"BOX 1839, 200-680 2 ST. SE,",DRUMHELLER
7000998531,Gera,Dessalegn,A,+14037955730,Lethbridge,AB,"BOX 1839, 200-680 2 ST. SE,",DRUMHELLER
7000921840,Cori,Busby,A,+14038041517,Olds,,"BOX 1839, 200-680 2 ST. SE,",DRUMHELLER
7000438502,Kim,Benn-Hilliard,A,+14038044383,Calgary,Alberta,"BOX 1839, 200-680 2 ST. SE,",DRUMHELLER
7001180383,Stephen,Schuppler,A,+14038045570,Calgary,AB,"BOX 1839, 200-680 2 ST. SE,",DRUMHELLER
7001165188,Kelly,Exner,A,+14038082437,Calgary,AB,"BOX 1839, 200-680 2 ST. SE,",DRUMHELLER
7000635011,Ebere,Ofuya,A,+14038096212,Calgary,AB,"BOX 1839, 200-680 2 ST. SE,",DRUMHELLER
7001166333,Natasha,Wetmore,A,+14038099752,Calgary,AB,"BOX 1839, 200-680 2 ST. SE,",DRUMHELLER
7001221372,Karin,Graburn,A,+14038150268,Calgary,AB,"BOX 1839, 200-680 2 ST. SE,",DRUMHELLER
7000954211,Janet,Jessiman,A,+14038163369,Calgary,AB,"BOX 1839, 200-680 2 ST. SE,",DRUMHELLER
7001017248,Diana,Lukevich,A,+14038165057,Calgary,AB,"BOX 1839, 200-680 2 ST. SE,",DRUMHELLER
7000957792,Kathy,Blas,A,+14038193011,Calgary,AB,"BOX 1839, 200-680 2 ST. SE,",DRUMHELLER
7001198194,Dawn,Herron Maser,A,+14038197330,Calgary,AB,"BOX 1839, 200-680 2 ST. SE,",DRUMHELLER
7000941484,JOE,BAYDID,A,+14038275087,Calgary,AB,"BOX 1839, 200-680 2 ST. SE,",DRUMHELLER
7000447513,Candice,Behm,A,+14038289894,19 street sw,alberta,"BOX 1839, 200-680 2 ST. SE,",DRUMHELLER
7000193742,Jayne,Cameron,A,+1403-831-4545,Calgary,AB,"BOX 1839, 200-680 2 ST. SE,",DRUMHELLER
7001228633,Ken,Brady,A,+14038315568,Calgary,AB,"BOX 1839, 200-680 2 ST. SE,",DRUMHELLER
7001148840,Barbara,Mattson,A,+14038361161,Calgary,AB,"BOX 1839, 200-680 2 ST. SE,",DRUMHELLER
7001204117,Aubrey,Romualdo,A,+14038361192,Calgary,AB,"BOX 1839, 200-680 2 ST. SE,",DRUMHELLER
7001187112,Brian,Metcalfe,A,+14038466757,Rocky Mountain House,AB,"BOX 1839, 200-680 2 ST. SE,",DRUMHELLER
7001122347,Maggie,hall,A,+14038490354,Lethbridge,AB,"BOX 1839, 200-680 2 ST. SE,",DRUMHELLER
7000952660,Rachel,Thomson,A,+14038579267,Calgary,Canada,"BOX 1839, 200-680 2 ST. SE,",DRUMHELLER
7001141921,Samantha,Kopp,A,+14038695767,Red Deer,AB,"BOX 1839, 200-680 2 ST. SE,",DRUMHELLER
7001220244,Baldeep,Maan,A,+14038755218,Calgary,AB,"BOX 1839, 200-680 2 ST. SE,",DRUMHELLER
7001218724,Mike,Keim,A,+14038756791,Calgary,AB,"BOX 1839, 200-680 2 ST. SE,",DRUMHELLER
7001143049,Adnan,Adam,A,+14038794735,Cakgary,AB,"BOX 1839, 200-680 2 ST. SE,",DRUMHELLER
7001163416,Chia-Lin,Pan,A,+14038896150,Calagry,AB,"BOX 1839, 200-680 2 ST. SE,",DRUMHELLER
7001160961,Elsa,Pan,A,+14038897357,Calgary,AB,"BOX 1839, 200-680 2 ST. SE,",DRUMHELLER
7000699157,Esther,Pham,A,+14038918609,calgary,AB,"BOX 1839, 200-680 2 ST. SE,",DRUMHELLER
7000607503,Mason,Restoule,A,+14038998522,Calgary,AB,"BOX 1839, 200-680 2 ST. SE,",DRUMHELLER
7001064217,ishwor raj,thapa,S,+14039030456,calgary,AB,"BOX 1839, 200-680 2 ST. SE,",DRUMHELLER
7000969567,Raman,Saini,A,+14039037177,airdrie,AB,"BOX 1839, 200-680 2 ST. SE,",DRUMHELLER
7001212997,Armida De,Madrilejo,A,+14039091478,Calgary,AB,"BOX 1839, 200-680 2 ST. SE,",DRUMHELLER
7000123466,Kirsty,Ellingson,A,+1403-915-0169,Lethbridge,AB,"BOX 1839, 200-680 2 ST. SE,",DRUMHELLER
7001207592,fida,sattar,A,+14039187014,calgary,AB,"BOX 1839, 200-680 2 ST. SE,",DRUMHELLER
7001122956,Taiwo,Kuyoro,A,+14039213575,Airdrie,AB,"BOX 1839, 200-680 2 ST. SE,",DRUMHELLER
7001191856,Pankit,Patel,A,+14039231929,Calgary,AB,"BOX 1839, 200-680 2 ST. SE,",DRUMHELLER
7001221153,Seema,Makwana,A,+14039233704,Calgary,AB,"BOX 1839, 200-680 2 ST. SE,",DRUMHELLER
7001224732,Agatha,Weidinger,A,+14039234223,Okotoks,AB,"BOX 1839, 200-680 2 ST. SE,",DRUMHELLER
7001221374,Kallie,Canada,A,+14039260146,Calgary,AB,"BOX 1839, 200-680 2 ST. SE,",DRUMHELLER
7001167390,Sukhminder,Banwait,A,+14039268102,Calgary,AB,"BOX 1839, 200-680 2 ST. SE,",DRUMHELLER
7001184180,Naureen,Khalid,A,+14039290547,Lethbridge,AB,"BOX 1839, 200-680 2 ST. SE,",DRUMHELLER
7001202203,Joanne,Hunter,A,+14039296633,Lethbridge,AB,"BOX 1839, 200-680 2 ST. SE,",DRUMHELLER
7001222198,Mark,Eaton,A,+14039664323,Cochrane,AB,"BOX 1839, 200-680 2 ST. SE,",DRUMHELLER
7000967315,Andrew,Skidmore,A,+14039668021,Calgary,AB,"BOX 1839, 200-680 2 ST. SE,",DRUMHELLER
7001129033,Mabrook,Shah,A,+14039681034,Calgary,AB,"BOX 1839, 200-680 2 ST. SE,",DRUMHELLER
7000691445,Grant,LaRocque,A,+14039687912,Calgary,AB,"BOX 1839, 200-680 2 ST. SE,",DRUMHELLER
7001219415,Naomi,Moir,A,+14039716016,Calgary,AB,"BOX 1839, 200-680 2 ST. SE,",DRUMHELLER
7001198080,Karen,Macneill,A,+14039718536,Calgary,AB,"BOX 1839, 200-680 2 ST. SE,",DRUMHELLER
7001049250,Pami,Pantigoso,A,+14039737264,Calgary,AB,"BOX 1839, 200-680 2 ST. SE,",DRUMHELLER
7000999841,Alan,Shaw,A,+14039784070,calgary,AB,"BOX 1839, 200-680 2 ST. SE,",DRUMHELLER
7001172680,Kamalpaljit singh,Kehal,A,+14039784198,Calgary,AB,"BOX 1839, 200-680 2 ST. SE,",DRUMHELLER
7000275858,Christine,Frolov,A,+1403-980-9843,Airdrie,AB,"BOX 1839, 200-680 2 ST. SE,",DRUMHELLER
7001221377,Sharir,Ali,A,+14039900156,Calgary,AB,"BOX 1839, 200-680 2 ST. SE,",DRUMHELLER
7000926418,jade,lechner,A,+14039951116,Okotoks,AB,"BOX 1839, 200-680 2 ST. SE,",DRUMHELLER
7001166603,Melvin,Miller,A,+14039993660,Calgary,AB,"BOX 1839, 200-680 2 ST. SE,",DRUMHELLER
7000634243,Carolynn,Nguyen,A,+14039997010,Calgary,Alberta,"BOX 1839, 200-680 2 ST. SE,",DRUMHELLER
7001221130,Ghalib,Sumar,A,+14166704667,Calgary,AB,"BOX 1839, 200-680 2 ST. SE,",DRUMHELLER
7001221132,Ryan,Hildebrand,A,+15872150595,Calgary,AB,"BOX 1839, 200-680 2 ST. SE,",DRUMHELLER
7001223599,Gurinder,Kaur,A,+15872165216,Calgary,AB,"BOX 1839, 200-680 2 ST. SE,",DRUMHELLER
7001193102,Gillian,Harria,A,+15872167550,calgary,AB,"BOX 1839, 200-680 2 ST. SE,",DRUMHELLER
7001176944,Christy,Edwards,A,+15872245817,Calgary,AB,"BOX 1839, 200-680 2 ST. SE,",DRUMHELLER
7001187608,Megan,Peace,A,+15872576353,Lethbridge,AB,"BOX 1839, 200-680 2 ST. SE,",DRUMHELLER
7000971903,guillermo,aceytuno,A,+15872876186,Lethbridge,AB,"BOX 1839, 200-680 2 ST. SE,",DRUMHELLER
7001207025,Kapil,Popli,A,+15873063592,Calgary,AB,"BOX 1839, 200-680 2 ST. SE,",DRUMHELLER
7001019310,Berislav,Juric,A,+15873205509,Calgary,AB,"BOX 1839, 200-680 2 ST. SE,",DRUMHELLER
7001140278,Chitra,Parameshwaran,A,+15873509908,Calgary,AB,"BOX 1839, 200-680 2 ST. SE,",DRUMHELLER
7001108018,Amy,Stevens,A,+15873535899,Calgary,AB,"BOX 1839, 200-680 2 ST. SE,",DRUMHELLER
7001172301,Kari,Denby,A,+15873563631,Calgary,AB,"BOX 1839, 200-680 2 ST. SE,",DRUMHELLER
7001169709,Wahaj,Akhtar,A,+15874005691,Calgary,AB,"BOX 1839, 200-680 2 ST. SE,",DRUMHELLER
7001218852,Fiona,Tse,A,+15874328163,Calgary,AB,"BOX 1839, 200-680 2 ST. SE,",DRUMHELLER
7001124800,Louise,Smith,A,+15874363734,Calgary,AB,"BOX 1839, 200-680 2 ST. SE,",DRUMHELLER
7001062128,David,Smith,A,+15874363734,Calgary,AB,"BOX 1839, 200-680 2 ST. SE,",DRUMHELLER
7001221353,Taylor,Lundgren,A,+15874375657,Calgary,AB,"BOX 1839, 200-680 2 ST. SE,",DRUMHELLER
7001189323,Melissa,Ross,A,+15874473239,Lacombe,AB,"BOX 1839, 200-680 2 ST. SE,",DRUMHELLER
7001219706,Amanda,seguin,A,+15874477278,INNISFAIL,AB,"BOX 1839, 200-680 2 ST. SE,",DRUMHELLER
7001224564,Seungri,Park,A,+15875003674,CALGARY,AB,"BOX 1839, 200-680 2 ST. SE,",DRUMHELLER
7001228194,Erika,MacAlpine,A,+15875770073,Calgary,AB,"BOX 1839, 200-680 2 ST. SE,",DRUMHELLER
7001221378,Kimberly,Webber,A,+15875796824,Calgary,AB,"BOX 1839, 200-680 2 ST. SE,",DRUMHELLER
7001173063,Savita,Devi,A,+15875799911,Calgary,AB,"BOX 1839, 200-680 2 ST. SE,",DRUMHELLER
7001217926,Jon,Huapaya,A,+15875817975,Airdrie,AB,"BOX 1839, 200-680 2 ST. SE,",DRUMHELLER
7001140365,Malarvani,Sinnasamy,A,+15875824090,CALGARY,AB,"BOX 1839, 200-680 2 ST. SE,",DRUMHELLER
7001221128,Taj,Khan,A,+15875832760,Calgary,AB,"BOX 1839, 200-680 2 ST. SE,",DRUMHELLER
7001207521,Sierah,Agius,A,+15875854940,High river,AB,"BOX 1839, 200-680 2 ST. SE,",DRUMHELLER
7001179481,Kory,Davaiu,A,+15877008872,Calgary,AB,"BOX 1839, 200-680 2 ST. SE,",DRUMHELLER
7001144292,Essie,Schuster,A,+15877181772,Calgary,AB,"BOX 1839, 200-680 2 ST. SE,",DRUMHELLER
7000772869,Daranne,Harris,A,+15877774916,Calgary,Alberta,"BOX 1839, 200-680 2 ST. SE,",DRUMHELLER
7001162004,Christopher,Shane,A,+15878321132,Calgary,AB,"BOX 1839, 200-680 2 ST. SE,",DRUMHELLER
7001146415,inderjit,sidhu,A,+15878916104,Calgary,AB,"BOX 1839, 200-680 2 ST. SE,",DRUMHELLER
7001162761,robby,nocon,A,+15878931977,Calgary,AB,"BOX 1839, 200-680 2 ST. SE,",DRUMHELLER
7001142274,Andrea,Louie,A,+15878977066,Calgary,AB,"BOX 1839, 200-680 2 ST. SE,",DRUMHELLER
7001181711,Heather,Rule,A,+15879070085,Red Deer,AB,"BOX 1839, 200-680 2 ST. SE,",DRUMHELLER
7001228795,Natasha,Ibach,A,+15879073907,Wetaskwin,AB,"BOX 1839, 200-680 2 ST. SE,",DRUMHELLER
7001224681,Bawanpreet,Kaur,A,+15879179799,Calgary,AB,"BOX 1839, 200-680 2 ST. SE,",DRUMHELLER
7001152523,Jason,Mattson,A,+15879302325,Calgary,AB,"BOX 1839, 200-680 2 ST. SE,",DRUMHELLER
7001142023,Jonathan,Roa,A,+15879988188,Calgary,AB,"BOX 1839, 200-680 2 ST. SE,",DRUMHELLER
7001224703,Jagdeep,Sandhu,A,+16048052675,Airdrie,AB,"BOX 1839, 200-680 2 ST. SE,",DRUMHELLER
7001197698,Ying,Ye,A,+16394711056,Calgary,Alberta,"BOX 1839, 200-680 2 ST. SE,",DRUMHELLER
7001195801,Holly,Noftall,A,+17097645344,Calgary,AB,"BOX 1839, 200-680 2 ST. SE,",DRUMHELLER
7001059376,shanjeevan,shanmuganathan,A,+17789607555,NW,Ab,"BOX 1839, 200-680 2 ST. SE,",DRUMHELLER
7001143702,Katrina,Lucyk,A,+17802176618,Calgary,AB,"BOX 1839, 200-680 2 ST. SE,",DRUMHELLER
7000922080,pierre,lacasse,A,+17803620398,WETASKIWIN,AB,"BOX 1839, 200-680 2 ST. SE,",DRUMHELLER
7001194135,Stacey,Wells,A,+17803870704,Wetaskiwin,AB,"BOX 1839, 200-680 2 ST. SE,",DRUMHELLER
7000336341,Phyllis,Dick,A,+17806083391,Bawlf,AB,"BOX 1839, 200-680 2 ST. SE,",DRUMHELLER
7001014153,Cory,Ali,A,+17806677396,Calgary,AB,"BOX 1839, 200-680 2 ST. SE,",DRUMHELLER
7001173218,marc,ayore,A,+17806780475,camrose,AB,"BOX 1839, 200-680 2 ST. SE,",DRUMHELLER
7001163490,Jen,Pizzey,A,+17806785349,Camrose,AB,"BOX 1839, 200-680 2 ST. SE,",DRUMHELLER
7001201534,Darlene,McMann,A,+17807060506,Red Deer,AB,"BOX 1839, 200-680 2 ST. SE,",DRUMHELLER
7000606518,Peggy,Funk,A,+17807810970,Rosalind,AB,"BOX 1839, 200-680 2 ST. SE,",DRUMHELLER
7001178837,Bobbi-Jo,Grover-Emes,A,+17808056229,Camrose,AB,"BOX 1839, 200-680 2 ST. SE,",DRUMHELLER
7000344045,Michelle,Buchanan,A,+17809088366,Sylvan Lake,AB,"BOX 1839, 200-680 2 ST. SE,",DRUMHELLER
7001227109,Rowena,Abanes,A,+18254314269,Calgary,AB,"BOX 1839, 200-680 2 ST. SE,",DRUMHELLER
7000996514,Candace,Inkpen,A,+19024405620,Calgary,AB,"BOX 1839, 200-680 2 ST. SE,",DRUMHELLER
