Country,Shopper_Code,First_Name,Last_name,Status,shopper_email,Contact_mobile,Nectar,last_login,AssnNo_1,Pay_1,SiteName_1
Singapore,7001070029,Angeline,Cheang,A,beautycheang@yahoo.com,97779669,+6597779669,28/02/2021,1850090002,16,SHELL BOON LAY
Singapore,7000019140,Alan,Yong,A,alandeyong@yahoo.com.sg,82680002,+6582680002,07/05/2021,1850090002,16,SHELL BOON LAY
Singapore,7000844316,Stephanie,Yeo,A,steph.yeo@hotmail.sg,91683087,+6591683087,10/06/2022,1850090002,16,SHELL BOON LAY
Singapore,7000855977,Amy,Boo,A,starlite.haven@gmail.com,6591051321,+6591051321,08/05/2020,1850090002,16,SHELL BOON LAY
Singapore,7000839699,Samuel,Tang,A,aprillay3k@gmail.com,91910489,+6591910489,03/10/2020,1850090017,16,SHELL JURONG WEST
Singapore,7001067620,Subri,Suhaini,A,suove79@hotmail.com,6590080265,+6590080265,04/12/2019,1850090017,16,SHELL JURONG WEST
Singapore,7001209609,Meixin,Toh,A,tohmx1@gmail.com,6587269068,+6587269068,31/03/2021,1850090017,16,SHELL JURONG WEST
Singapore,7001196318,Pei Shan,Tan,A,pspheretan@gmail.com,91707011,+6591707011,11/01/2020,1850090017,16,SHELL JURONG WEST
Singapore,7001196162,Valerie,Ong,A,valerieeongg@gmail.com,96481052,+6596481052,14/10/2019,1850090009,16,SHELL DUNEARN ENG NEO
Singapore,7000925636,Choong Hoong,WONG,A,trekker.aw@gmail.com,6596643793,+6596643793,04/05/2020,1850090025,16,SHELL PASIR PANJANG 328
Singapore,7001207651,Tricia,Ting,A,TRICIA.TWX@GMAIL.COM,90609516,+6590609516,08/05/2022,1850090050,16,SHELL MARSILING
Singapore,7001196153,Melvin,Goh,A,melvingohsj@gmail.com,6588172519,+6588172519,05/07/2021,1850090050,16,SHELL MARSILING
Singapore,7001196974,Yan Chou,Tan,A,yanchou080801@gmail.com,6598267865,+6598267865,24/11/2019,1850090050,16,SHELL MARSILING
Singapore,7000842831,Vernon,Ong,A,vohk@hotmail.com,6582855136,+6582855136,11/10/2021,1850090050,16,SHELL MARSILING
Singapore,7001192000,Shu Wing,Teh,A,swteh.2017@law.smu.edu.sg,96732239,+6596732239,07/03/2021,1850090050,16,SHELL MARSILING
Singapore,7000218065,Joanne Yin Jia,Pee,A,joanne_p6@hotmail.com,6587970407,+6587970407,06/12/2021,1850090050,16,SHELL MARSILING
Singapore,7000580686,Ting,Lay Hoon,A,treaty_treat@hotmail.com,90609516,+6590609516,01/07/2010,1850090050,16,SHELL MARSILING
Singapore,7000636807,Soh,Chiew Hoon,A,chsoh68@hotmail.com,98776836,+6598776836,12/12/2019,1850090050,16,SHELL MARSILING
Singapore,7000646355,Moreen,Shen,A,moreenshen@gmail.com,6593880236,+6593880236,06/03/2019,1850090050,16,SHELL MARSILING
Singapore,7001166203,Jin Woon,Teh,A,kpopcouture007@gmail.com,88967554,+6588967554,07/03/2021,1850090050,16,SHELL MARSILING
Singapore,7001209898,Joy Andrea,Wee,A,joyandreaw@gmail.com,6597112192,+6597112192,01/03/2021,1850090005,16,SHELL BUKIT PANJANG
Singapore,7001220257,dsadwadsa,dwadsadwa,A,deniyorum293@gmail.com,5555555555,+655555555555,09/02/2022,1850090029,16,SHELL PIERCE RESERVOIR
Singapore,7001220259,SERDAR,YAVUZ,A,emrh.vral@gmail.com,05424680447,+655424680447,09/02/2022,1850090029,16,SHELL PIERCE RESERVOIR
Singapore,6500124,"San San, Hazel",Chai,A,hazel33@gmail.com,9690 4165,+6596904165,30/05/2022,1850090029,16,SHELL PIERCE RESERVOIR
Singapore,7001195595,Faiz,Hamdan,A,Faizhamdan@hotmail.com,87506958,+6587506958,11/02/2020,1850090052,16,SHELL WOODLANDS AVE 9
Singapore,7000971515,Barbara,Macaraig,A,barbaramacaraig@yahoo.com,6591096944,+6591096944,05/12/2019,1850090052,16,SHELL WOODLANDS AVE 9
Singapore,7001016023,Lydia,Lim,A,jlloke@gmail.com,96774249,+6596774249,14/01/2019,1850090052,16,SHELL WOODLANDS AVE 9
Singapore,7000645549,Jing Xuan,Chew,A,jingxuan_roxs@hotmail.com,96457226,+6596457226,01/12/2021,1850090007,16,SHELL CHOA CHU KANG
Singapore,7000721433,Lim,Wei Jian,A,limweijian86@gmail.com,6591520766,+6591520766,15/06/2022,1850090005,16,SHELL BUKIT PANJANG
Singapore,7000491708,Toh,Xiu Yong,A,xiu_rong@hotmail.com,90274761,+6590274761,17/02/2020,1850090005,16,SHELL BUKIT PANJANG
Singapore,7001196152,Dorothy,Koh,A,koh.dorothy76@gmail.com,90712010,+6590712010,17/11/2019,1850090005,16,SHELL BUKIT PANJANG
Singapore,7001147497,Stella,Tjioe,A,stella.tjioe@gmail.com,97277608,+6597277608,07/06/2022,1850090005,16,SHELL BUKIT PANJANG
Singapore,7001104263,Chong,Pierre,A,kinsing@alumni.nus.edu.sg,98425623,+6598425623,18/07/2019,1850090005,16,SHELL BUKIT PANJANG
Singapore,7000867106,YOU SHENG,KONG,A,youshengkong@gmail.com,92293295,+6592293295,03/04/2022,1850090007,16,SHELL CHOA CHU KANG
Singapore,7001220823,Zawiah,B. Nahim,A,zawiahnahim9@gmail.com,98758548,+6598758548,14/06/2022,1850090007,16,SHELL CHOA CHU KANG
Singapore,7001203158,Chua,Josh,A,josh_chua_hh@hotmail.com,91901696,+6591901696,23/05/2020,1850090034,16,SHELL SERANGOON ROAD
Singapore,7001196315,hanim,zainal,A,hanimbz@gmail.com,87495049,+6587495049,04/11/2019,1850090034,16,SHELL SERANGOON ROAD
Singapore,7001201543,Ai li,Ong,A,Aili_ong88@hotmail.com,6584062006,+6584062006,02/05/2020,1850090034,16,SHELL SERANGOON ROAD
Singapore,7001070851,Chwee Theng Christin,Tan,A,christinetanct@gmail.com,96476748,+6596476748,02/12/2021,1850090051,16,SHELL SERANGOON GARDEN
Singapore,7000892764,Kai Xuan,See,A,seekaixuan@gmail.com,6596495503,+6596495503,28/12/2019,1850090034,16,SHELL SERANGOON ROAD
Singapore,7001219289,Phang,Kelvin,A,Kelvinhybrid@gmail.com,97772666,+6597772666,20/01/2022,1850090034,16,SHELL SERANGOON ROAD
Singapore,7001143118,Celestina,Lee,A,celestinalee13@hotmail.com,6597644433,+6597644433,11/01/2020,1850090034,16,SHELL SERANGOON ROAD
Singapore,7001165594,Eileen,Tan,A,eileentel@gmail.com,93863591,+6593863591,24/02/2021,1850090051,16,SHELL SERANGOON GARDEN
Singapore,7001194025,CHYN CHIN,LIM,A,cclim23@hotmail.com,6590023197,+6590023197,07/10/2019,1850090051,16,SHELL SERANGOON GARDEN
Singapore,7001122258,Lee Ping,Tok,A,gaomeishoes@gmail.com,6597846753,+6597846753,27/11/2019,1850090051,16,SHELL SERANGOON GARDEN
Singapore,7000901475,Tan,"Daomin, Jinan",A,jinantan@gmail.com,96494949,+6596494949,04/05/2020,1850090051,16,SHELL SERANGOON GARDEN
Singapore,7000905984,Daojing Jeanie,Tan,A,jeant.asean@gmail.com,6597237563,+6597237563,05/10/2021,1850090051,16,SHELL SERANGOON GARDEN
Singapore,7001209992,Colleen,Tay,A,colleentay@hotmail.com,96209016,+6596209016,26/05/2022,1850090051,16,SHELL SERANGOON GARDEN
Singapore,7000861425,Koh,Shao Hui,A,shaoyang91@gmail.com,91886263,+6591886263,24/06/2019,1850090051,16,SHELL SERANGOON GARDEN
Singapore,7000987400,Meng yi,Lin,A,ncl_ln@yahoo.com.sg,6596774980,+6596774980,15/07/2019,1850090051,16,SHELL SERANGOON GARDEN
Singapore,7001035027,Yong Ping,Teng,A,bryanbeep@gmail.com,6582331846,+6582331846,11/01/2021,1850090051,16,SHELL SERANGOON GARDEN
Singapore,7001190184,Yong Zit,Ngui,A,Zit1@hotmail.com,88096225,+6588096225,07/09/2019,1850090051,16,SHELL SERANGOON GARDEN
Singapore,7001190908,Ker Shen,Tey,A,jasontey333@hotmail.com,93594675,+6593594675,15/06/2022,1850090051,16,SHELL SERANGOON GARDEN
Singapore,7001198260,Sherry,Lim,A,Glyndababy@yahoo.com,97493054,+6597493054,30/11/2019,1850090051,16,SHELL SERANGOON GARDEN
Singapore,7001218976,Boon Keong,Ong,A,chrisongbk1964@gmail.com,6597975628,+6597975628,12/06/2022,1850090051,16,SHELL SERANGOON GARDEN
Singapore,7001166996,PEIYU WIVINIA,Soo,A,wivinia@singnet.com.sg,98351474,+6598351474,18/09/2019,1850090051,16,SHELL SERANGOON GARDEN
Singapore,7001063178,Xiu Yu,Tay,A,xiuyutay@hotmail.com,84008010,+6584008010,08/03/2022,1850090022,16,SHELL NEWTON HOOPER RD
Singapore,7000825321,Yip,Yee Wah,A,leavesyee@hotmail.com,81684471,+6581684471,02/06/2022,1850090022,16,SHELL NEWTON HOOPER RD
Singapore,7001180846,Hanxiang,Yu,A,yhanxiang@gmail.com,6597301007,+6597301007,14/01/2019,1850090051,16,SHELL SERANGOON GARDEN
Singapore,7001196874,Mayrylyn,Yeo,A,Mayrylyn@gmail.com,6590181818,+6590181818,29/10/2019,1850090040,16,SHELL THOMSON NOVENA
Singapore,7001128348,Yoon Sing,Kiong,A,gnoikys2506@gmail.com,+6593554738,+6593554738,10/05/2021,1850090020,16,SHELL MOULMEIN
Singapore,7001179789,Iris,Hao,A,haoyijun@gmail.com,88126968,+6588126968,04/06/2022,1850090040,16,SHELL THOMSON NOVENA
Singapore,7001203386,Joseph,Sze,A,jszemh@singnet.com.sg,88094960,+6588094960,13/07/2021,1850090040,16,SHELL THOMSON NOVENA
Singapore,7000532047,Amy,Chua,A,amycshimin@gmail.com,85002431,+6585002431,24/11/2021,1850090040,16,SHELL THOMSON NOVENA
Singapore,7001158680,CheeChin,Tee,A,Teecheechin.10@gmail.com,98243879,+6598243879,27/10/2021,1850090020,16,SHELL MOULMEIN
Singapore,7001196430,Jasmine,Quek,A,Jasmineqjl@gmail.com,6585886131,+6585886131,03/05/2020,1850090040,16,SHELL THOMSON NOVENA
Singapore,7001074558,Tang Hwee,Loy,A,lauraloy@yahoo.com,98216820,+6598216820,11/06/2022,1850090051,16,SHELL SERANGOON GARDEN
Singapore,7001072820,Pei Yee,Lim,A,callme.idiot@hotmail.com,90538069,+6590538069,04/01/2021,1850090040,16,SHELL THOMSON NOVENA
Singapore,7000855901,Marisar,Galban,A,marizgalban_88@yahoo.com,6590823197,+6590823197,26/11/2019,1850090040,16,SHELL THOMSON NOVENA
Singapore,7001164571,Eliana,Lee,A,eli7880@yahoo.com,6593804482,+6593804482,16/10/2019,1850090040,16,SHELL THOMSON NOVENA
Singapore,7001209863,Daryl,Tan,A,daryltancy@gmail.com,96446394,+6596446394,27/07/2021,1850090051,16,SHELL SERANGOON GARDEN
Singapore,7001209744,Melissa,Foo,A,lemlissa@gmail.com,6596174758,+6596174758,25/03/2021,1850090051,16,SHELL SERANGOON GARDEN
Singapore,7000624269,Kai Hong,Mok,A,kaihong88@gmail.com,97100195,+6597100195,23/06/2021,1850090051,16,SHELL SERANGOON GARDEN
Singapore,7001196685,Paul,Chua,A,Ahsam2000@hotmail.com,86930229,+6586930229,15/03/2022,1850090051,16,SHELL SERANGOON GARDEN
Singapore,7001196159,Murtadza,Rai,A,theawesometaza@gmail.com,98559082,+6598559082,14/11/2019,1850090051,16,SHELL SERANGOON GARDEN
Singapore,7001197080,Ang,Rebecca Ang,A,rebec2ang@gmail.com,96277830,+6596277830,02/08/2020,1850090051,16,SHELL SERANGOON GARDEN
Singapore,7001198535,Jacelyn,Chia,A,jacelynchia001@suss.edu.sg,81186390,+6581186390,10/06/2020,1850090051,16,SHELL SERANGOON GARDEN
Singapore,7001196421,Alvin,Ong,A,our2ps@gmail.com,97503533,+6597503533,20/11/2019,1850090051,16,SHELL SERANGOON GARDEN
Singapore,7000973035,Edith,Chua,A,edith_chua@hotmail.com,96287485,+6596287485,13/11/2019,1850090051,16,SHELL SERANGOON GARDEN
Singapore,7000866792,Grace,Tang,A,tepg.grace@gmail.com,6598636862,+6598636862,02/05/2020,1850090051,16,SHELL SERANGOON GARDEN
Singapore,7001193941,tine,Chris,A,pigletchris@gmail.com,6588762806,+6588762806,11/09/2019,1850090051,16,SHELL SERANGOON GARDEN
Singapore,7001195971,Anneliese,Naomi,A,Naomi.anneliese@gmail.com,92288322,+6592288322,09/10/2019,1850090053,16,SHELL BUKIT BATOK ROAD
Singapore,7001207217,Kokliang,Tan,A,howiknow@hotmail.com,81265570,+6581265570,03/01/2021,1850090002,16,SHELL BOON LAY
Singapore,7000499057,Thomas,Tay,A,thomas.tay@gmail.com,96165906,+6596165906,10/08/2019,1850090002,16,SHELL BOON LAY
Singapore,7001017588,Bargavi,Kalivaradhan,A,kavigavi@gmail.com,83178261,+6583178261,12/08/2021,1850090053,16,SHELL BUKIT BATOK ROAD
Singapore,7001197787,Wan Ting,Chong,A,Wtchong001@gmail.com,96745656,+6596745656,07/05/2020,1850090053,16,SHELL BUKIT BATOK ROAD
Singapore,7000999273,YING RUI,TAN,A,hazeltanww@gmail.com,96737665,+6596737665,16/06/2022,1850090002,16,SHELL BOON LAY
Singapore,7000976788,Peh Fern,Chiang,A,pehfernchiang@gmail.com,97378918,+6597378918,02/06/2020,1850090002,16,SHELL BOON LAY
Singapore,7001194897,Geraldine,Soh,A,geraldinesohsl@gmail.com,82112182,+6582112182,07/05/2022,1850090053,16,SHELL BUKIT BATOK ROAD
Singapore,7001199608,Tan,Ye Ting,A,eeting0905@gmail.com,86261505,+6586261505,01/05/2022,1850090002,16,SHELL BOON LAY
Singapore,7001188597,mabel,mabel,A,mabel.mabel5@gmail.com,91300150,+6591300150,26/05/2021,1850090002,16,SHELL BOON LAY
Singapore,7001190013,Junia Rin,Low,A,rsimplicity@hotmail.com,93246889,+6593246889,05/05/2019,1850090002,16,SHELL BOON LAY
Singapore,7001210021,Yi Yin,Lau,A,Yiyin.australia@hotmail.com,96470564,+6596470564,19/03/2022,1850090002,16,SHELL BOON LAY
Singapore,7001210494,Khai sien,Lim,A,khaisien5055@gmail.com,81016423,+6581016423,08/03/2022,1850090017,16,SHELL JURONG WEST
Singapore,7001181122,Choon Lan,Lim,A,stef9873@yahoo.com.sg,97703789,+6597703789,27/05/2022,1850090017,16,SHELL JURONG WEST
Singapore,7001173793,Mikee Louise,Mirasol,A,mikee_mirasol@yahoo.com,89310935,+6589310935,07/05/2021,1850090017,16,SHELL JURONG WEST
Singapore,6500242,Qin Yi,Tan,A,tanqinyi@hotmail.com,94502307,+6594502307,27/05/2022,1850090017,16,SHELL JURONG WEST
Singapore,7000558748,Cai,Zhenken,A,zhenken86@hotmail.com,91786404,+6591786404,04/07/2021,1850090017,16,SHELL JURONG WEST
Singapore,7000795004,Annie,Chua,A,placjl@gmail.com,6593662534,+6593662534,06/09/2019,1850090017,16,SHELL JURONG WEST
Singapore,7001191996,Yi Ming,Loh,A,lohyiming@gmail.com,+6582989956,+6582989956,30/04/2022,1850090017,16,SHELL JURONG WEST
Singapore,7001196165,Rasyiqah,Hirwan,A,rastymails7@gmail.com,86118579,+6586118579,15/10/2019,1850090017,16,SHELL JURONG WEST
Singapore,7001196166,Joey,Lim,A,joeylimch@gmail.com,98417295,+6598417295,15/10/2019,1850090017,16,SHELL JURONG WEST
Singapore,7001075005,Wai Kin Dennis,Loo,A,dennisloowk@gmail.com,6581338158,+6581338158,28/03/2022,1850090017,16,SHELL JURONG WEST
Singapore,7001093218,Wee Ling Carol,Chew,A,carol_8609@hotmail.com,6581897348,+6581897348,09/06/2022,1850090002,16,SHELL BOON LAY
Singapore,7000855039,GUO,SHUQING,A,shuqingqw@hotmail.com,6585008685,+6585008685,16/06/2022,1850090002,16,SHELL BOON LAY
Singapore,7000473148,Justina,Ang,A,juice0810@yahoo.com.sg,91528733,+6591528733,24/07/2019,1850090002,16,SHELL BOON LAY
Singapore,7001217961,Rufihazira,Ramlee,A,rufie.lee@gmail.com,90353280,+6590353280,25/03/2022,1850090002,16,SHELL BOON LAY
Singapore,7000832853,Qiu Xian,Lim,A,limqiuxian@hotmail.com,6594561042,+6594561042,16/06/2020,1850090002,16,SHELL BOON LAY
Singapore,7001194598,Gillian,Besterwitch,A,gillian_2106@yahoo.com,6596362487,+6596362487,17/10/2019,1850090053,16,SHELL BUKIT BATOK ROAD
Singapore,7001215631,Immeran,Bin Ismail,A,immeran81@gmail.com,659215243,+659215243,30/09/2021,1850090053,16,SHELL BUKIT BATOK ROAD
Singapore,7001175523,mau soon,ong,A,luckyzfrogz@gmail.com,6592755570,+6592755570,08/02/2020,1850090053,16,SHELL BUKIT BATOK ROAD
Singapore,7001203533,Shi Pei,Cho,A,shipei25@gmail.com,81386758,+6581386758,13/06/2022,1850090053,16,SHELL BUKIT BATOK ROAD
Singapore,7001188111,Li Chui,Koh,A,Lichui@hotmail.com,97608076,+6597608076,19/08/2019,1850090004,16,SHELL BUKIT BATOK NP
Singapore,7001203180,Angeline,Tan,A,anntankl@gmail.com,6596785669,+6596785669,26/01/2021,1850090040,16,SHELL THOMSON NOVENA
Singapore,7001094002,leong,tricia,A,komspex@gmail.com,6597352787,+6597352787,01/07/2021,1850090029,16,SHELL PIERCE RESERVOIR
Singapore,7001207764,Song King,Hoi,A,ashoisk@gmail.com,6596664372,+6596664372,16/03/2021,1850090029,16,SHELL PIERCE RESERVOIR
Singapore,7001221808,Sin Kwang,Tan,A,lawrence_tan_aa@yahoo.com.sg,92772155,+6592772155,11/06/2022,1850090029,16,SHELL PIERCE RESERVOIR
Singapore,7001205367,Poh Lin Pauline,Ee,A,ee.pauline@yahoo.com,98380708,+6598380708,08/09/2020,1850090029,16,SHELL PIERCE RESERVOIR
Singapore,7001214898,Loh,Peng Fai,A,stevenlohp89@gmail.com,06591894738,+656591894738,24/05/2022,1850090029,16,SHELL PIERCE RESERVOIR
Singapore,7001178450,Yeh Ling,Tan,A,calyntan0510@gmail.com,6597760354,+6597760354,21/03/2022,1850090029,16,SHELL PIERCE RESERVOIR
Singapore,7001155392,BoonTsaan,Tan,A,galvintan888@gmail.com,92476688,+6592476688,03/06/2019,1850090029,16,SHELL PIERCE RESERVOIR
Singapore,7001209827,Qi En,Teo,A,qien86@gmail.com,97114049,+6597114049,25/02/2021,1850090029,16,SHELL PIERCE RESERVOIR
Singapore,7001198946,Jinxuan,Loh,A,dream_station06@hotmail.com,6590916067,+6590916067,26/11/2021,1850090029,16,SHELL PIERCE RESERVOIR
Singapore,7001170192,Peck Li Penny,Tan,A,Peckertan@gmail.com,6581006197,+6581006197,31/05/2022,1850090007,16,SHELL CHOA CHU KANG
Singapore,7001193516,Keng Teng Sheryl,Teo,A,sheryljingting@gmail.com,6598563182,+6598563182,20/01/2020,1850090045,16,SHELL WOODLANDS MANDAI
Singapore,7001196243,En Tong,Jah,A,Entongjah@gmail.com,6592711132,+6592711132,05/12/2021,1850090007,16,SHELL CHOA CHU KANG
Singapore,7001183930,Irene,Cosic,A,irene.soh75@gmail.com,96999583,+6596999583,12/06/2022,1850090029,16,SHELL PIERCE RESERVOIR
Singapore,7000883907,Francis,Wong,A,franciswong1977@gmail.com,6594375377,+6594375377,14/01/2022,1850090029,16,SHELL PIERCE RESERVOIR
Singapore,7000482249,Yu Lian,Wong,A,w_yulian@hotmail.com,81825211,+6581825211,24/02/2021,1850090029,16,SHELL PIERCE RESERVOIR
Singapore,7000749545,Thiam Leng,Siau,A,bryonstl@hotmail.com,90667477,+6590667477,21/09/2019,1850090040,16,SHELL THOMSON NOVENA
Singapore,7001160112,Andre,Lee,A,andrelee20@hotmail.com,93693266,+6593693266,29/01/2020,1850090040,16,SHELL THOMSON NOVENA
Singapore,7000898732,Geraldine,Woo,A,geraldinewoo@yahoo.com.sg,96397028,+6596397028,01/10/2020,1850090040,16,SHELL THOMSON NOVENA
Singapore,7001201252,Adeline,Ho,A,adeline_cwm@hotmail.com,93861680,+6593861680,13/12/2020,1850090040,16,SHELL THOMSON NOVENA
Singapore,7000833120,Elaine,Tay,A,elainetay_et@hotmail.com,6581880149,+6581880149,15/06/2022,1850090040,16,SHELL THOMSON NOVENA
Singapore,7001189366,Tim Jia,Lin,A,jialinti4@gmail.com,6593492582,+6593492582,16/06/2022,1850090029,16,SHELL PIERCE RESERVOIR
Singapore,7000780946,Joan,Yang,A,oreozel@yahoo.com.sg,+6592969586,+6592969586,05/06/2020,1850090029,16,SHELL PIERCE RESERVOIR
Singapore,7001140711,Pei Lynn,Phung,A,pplynn@hotmail.com,6583215517,+6583215517,16/10/2019,1850090029,16,SHELL PIERCE RESERVOIR
Singapore,7001165763,Sylvia,Lawrance,A,Sylvia_lawrance@yahoo.com,6593212794,+6593212794,09/03/2020,1850090029,16,SHELL PIERCE RESERVOIR
Singapore,7001213604,Eric,Tan Kang Swee,A,etks2011@gmail.com,6581387275,+6581387275,20/12/2021,1850090051,16,SHELL SERANGOON GARDEN
Singapore,7001070624,Terence,Ang,A,lightningstrife@hotmail.com,6591893510,+6591893510,29/11/2020,1850090029,16,SHELL PIERCE RESERVOIR
Singapore,7001008080,Doreen,Ng,A,clemiow@yahoo.com,98286748,+6598286748,18/10/2019,1850090051,16,SHELL SERANGOON GARDEN
Singapore,7000813854,Chow,Talia,A,chowyijie@hotmail.com,6596879032,+6596879032,03/05/2022,1850090040,16,SHELL THOMSON NOVENA
Singapore,7001196624,Najiha,Sanwan,A,najihasanwan31@gmail.com,82335427,+6582335427,25/10/2019,1850090017,16,SHELL JURONG WEST
Singapore,7000908142,Min Chia,Liew,A,almci_01@hotmail.com,90181112,+6590181112,01/10/2020,1850090050,16,SHELL MARSILING
Singapore,7001152540,Mohd Noor Hazli,Ab Rahman,A,entahdimanalie@gmail.com,90923707,+6590923707,31/12/2019,1850090050,16,SHELL MARSILING
Singapore,7000863957,Yann Way,Kwan,A,yannway_00@hotmail.com,98224768,+6598224768,20/01/2020,1850090052,16,SHELL WOODLANDS AVE 9
Singapore,7001025526,Jun Wei,Loong,A,max241192@hotmail.com,6592316793,+6592316793,05/05/2020,1850090052,16,SHELL WOODLANDS AVE 9
Singapore,7000697462,Miko,Lim,A,chuixia@hotmail.com,86041257,+6586041257,26/04/2019,1850090052,16,SHELL WOODLANDS AVE 9
Singapore,7001198134,Angela,Soh,A,angelasoh15@yahoo.com.sg,92774018,+6592774018,09/12/2019,1850090052,16,SHELL WOODLANDS AVE 9
Singapore,7001079905,Mabel,Chong,A,mabel_jr2002@yahoo.com.sg,6594577666,+6594577666,30/05/2022,1850090052,16,SHELL WOODLANDS AVE 9
Singapore,7001100377,Fung mei,Tong,A,fungmei@gmail.com,6581237987,+6581237987,30/01/2020,1850090052,16,SHELL WOODLANDS AVE 9
Singapore,7001040433,Shalizawati,Haron,A,lizaharon.lh@gmail.com,98456334,+6598456334,14/06/2022,1850090052,16,SHELL WOODLANDS AVE 9
Singapore,7001049393,Wai Meng Kelvin,Chin,A,kelvinchinwm@gmail.com,96999845,+6596999845,26/05/2022,1850090052,16,SHELL WOODLANDS AVE 9
Singapore,7001157893,Ding Hong,Tan,A,Benasherding@gmail.com,96387083,+6596387083,23/03/2020,1850090052,16,SHELL WOODLANDS AVE 9
Singapore,7001159022,Shafiq,Ithnin,A,Shafiqou84@gmail.com,6597347260,+6597347260,02/06/2020,1850090052,16,SHELL WOODLANDS AVE 9
Singapore,7001159803,Yiru,Tan,A,Yiru0825@hotmail.com,97988401,+6597988401,10/02/2020,1850090052,16,SHELL WOODLANDS AVE 9
Singapore,7001139895,Fahmy,Jalani,A,fahmyjalani@gmail.com,6593387345,+6593387345,26/04/2021,1850090052,16,SHELL WOODLANDS AVE 9
Singapore,7001151392,Vimala,Sathasivam,A,vikkipc@gmail.com,6597381249,+6597381249,14/06/2019,1850090052,16,SHELL WOODLANDS AVE 9
Singapore,7001152326,Chung Loong,Chan,A,hikoyanamikaze@gmail.com,88177804,+6588177804,10/08/2020,1850090052,16,SHELL WOODLANDS AVE 9
Singapore,7001133673,NORDIANA,NOOR,A,Monchickies@gmail.com,91730540,+6591730540,09/01/2019,1850090052,16,SHELL WOODLANDS AVE 9
Singapore,7001211564,ALEXANDER ISKANDAR,YUDHISTIRA ZAINAL,A,alexander.iskandar9@gmail.com,6589270804,+6589270804,17/03/2022,1850090052,16,SHELL WOODLANDS AVE 9
Singapore,7001211364,Shi Chieh,Chew,A,eundream91@gmail.com,6590171991,+6590171991,03/06/2021,1850090052,16,SHELL WOODLANDS AVE 9
Singapore,7001201171,HOO GIAP,TAN,A,hoogiap@gmail.com,91520345,+6591520345,01/07/2021,1850090052,16,SHELL WOODLANDS AVE 9
Singapore,7001064916,Stephanie,Goh,A,stephgoh92@gmail.com,6591181994,+6591181994,27/09/2021,1850090007,16,SHELL CHOA CHU KANG
Singapore,7000853647,Tim,Chan,A,kingmorgan@hotmail.com,98716227,+6598716227,18/03/2019,1850090007,16,SHELL CHOA CHU KANG
Singapore,7000942932,Jency,Tan,A,jencytan@gmail.com,91274622,+6591274622,09/12/2019,1850090007,16,SHELL CHOA CHU KANG
Singapore,7001211365,June,Chua,A,jchua3@hotmail.com,6597636373,+6597636373,06/05/2021,1850090007,16,SHELL CHOA CHU KANG
Singapore,7001184713,Anthony,Lee,A,anthony.lwh7@gmail.com,88380982,+6588380982,04/04/2020,1850090007,16,SHELL CHOA CHU KANG
Singapore,7001192311,Lee Fong,Koh,A,leefong.koh@gmail.com,96280423,+6596280423,04/10/2020,1850090043,16,SHELL UPPER BUKIT TIMAH PIE
Singapore,7001184783,Yee,Lau,A,lasslau@yahoo.com,87686875,+6587686875,20/01/2019,1850090009,16,SHELL DUNEARN ENG NEO
Singapore,7001072640,SU ANN,LENG,A,suannleng@hotmail.com,6591174684,+6591174684,05/06/2020,1850090009,16,SHELL DUNEARN ENG NEO
Singapore,7001095425,CHI KIN,SEET,A,absolut3ds@gmail.com,6594772286,+6594772286,22/09/2021,1850090009,16,SHELL DUNEARN ENG NEO
Singapore,7001174921,Kim Neo,Chua,A,chua_kimneo@yahoo.com.sg,91802747,+6591802747,07/02/2019,1850090024,16,SHELL PASIR PANJANG 168
Singapore,7001140436,Kenn,Ruslim,A,kenn.ruslim@gmail.com,+6582107379,+6582107379,24/05/2022,1850090032,16,SHELL SEMBAWANG
Singapore,7001191967,Fiona,Ang,A,d.fiona.b@gmail.com,6588385550,+6588385550,26/06/2019,1850090032,16,SHELL SEMBAWANG
Singapore,7001160404,Weijian Kenneth,Teo,A,kennethteoweijian@gmail.com,97606172,+6597606172,22/05/2019,1850090025,16,SHELL PASIR PANJANG 328
Singapore,7001209921,??,?,A,3373292906@qq.com,84428581,+6584428581,01/03/2021,1850090034,16,SHELL SERANGOON ROAD
Singapore,7001191013,Dominic,Lim,A,domilim@gmail.com,6591511603,+6591511603,30/06/2019,1850090025,16,SHELL PASIR PANJANG 328
Singapore,7001063137,Veronica,Pestana,A,vivelavida88@gmail.com,6596635905,+6596635905,03/04/2020,1850090025,16,SHELL PASIR PANJANG 328
Singapore,7001076119,Jimmy,Cheng,A,kairosmoments.jimmy@gmail.com,6593658399,+6593658399,12/02/2020,1850090034,16,SHELL SERANGOON ROAD
Singapore,7001209544,NG,HAO JIE,A,ngsalpha8@gmail.com,653237571,+653237571,05/01/2022,1850090034,16,SHELL SERANGOON ROAD
Singapore,7001184730,Paul,Ng,A,Iampaulngspore@gmail.com,91862146,+6591862146,15/06/2022,1850090034,16,SHELL SERANGOON ROAD
Singapore,7001218740,Eric,Phan,A,Epylsg@gmail.com,6591278786,+6591278786,14/06/2022,1850090034,16,SHELL SERANGOON ROAD
Singapore,7001200757,Joo Siong,Chai,A,chaijoosiong@gmail.com,97707917,+6597707917,03/02/2020,1850090048,16,SHELL CHANGI KEMBANGAN
Singapore,7001031442,Aditi,Jain,A,aditi.jain.niam@gmail.com,006597124160,'+656597124160,29/01/2020,1850090048,16,SHELL CHANGI KEMBANGAN
Singapore,7000530899,Nik SaifulAzlee,Nik Mohamed,A,nixsaiful@gmail.com,91811655,+6591811655,06/01/2022,1850090040,16,SHELL THOMSON NOVENA
Singapore,7001198253,Angelica,Maristela,A,angelicaudani23@gmail.com,006586490043,'+656586490043,26/12/2019,1850090040,16,SHELL THOMSON NOVENA
Singapore,7001193419,Wei Wen,Teng,A,tengweiwen98@gmail.com,84238454,+6584238454,13/08/2019,1850090039,16,SHELL TELOK BLANGAH
Singapore,7000254148,Pak Loon,Lee,A,loon82@gmail.com,6598807779,+6598807779,19/05/2020,1850090039,16,SHELL TELOK BLANGAH
Singapore,7001196254,Jason,Loh,A,yufeng_00@hotmail.com,6594885010,+6594885010,18/10/2019,1850090039,16,SHELL TELOK BLANGAH
Singapore,7001089581,Shirley,Ho,A,shirley_ho83@yahoo.com,0287200777,+65287200777,04/05/2020,1850090039,16,SHELL TELOK BLANGAH
Singapore,7001122313,Chee Ee,Tan,A,cheryltance@gmail.com,6597492027,+6597492027,21/09/2021,1850090039,16,SHELL TELOK BLANGAH
Singapore,7001064725,Bazriya,Banu,A,bfawzy2006@hotmail.com,82514062,+6582514062,19/02/2020,1850090039,16,SHELL TELOK BLANGAH
Singapore,7001197248,Mohamed Rezza Khan,Ahmad,A,thegearbro@gmail.com,6582695670,+6582695670,03/09/2020,1850090039,16,SHELL TELOK BLANGAH
Singapore,7000951304,Junyan,Boon,A,junz29@gmail.com,+6594877848,+6594877848,28/02/2021,1850090039,16,SHELL TELOK BLANGAH
Singapore,7001187398,Mohamed Sultanul,Arifin,A,mohamedsultan25@gmail.com,91004169,+6591004169,01/09/2021,1850090039,16,SHELL TELOK BLANGAH
Singapore,7000860801,Xiu Ling,Kwek,A,seline.kwek@gmail.com,91472778,+6591472778,25/03/2022,1850090039,16,SHELL TELOK BLANGAH
Singapore,7001198385,Ibrah,Lim,A,iblimlh@gmail.com,6597440430,+6597440430,01/03/2022,1850090039,16,SHELL TELOK BLANGAH
Singapore,7001140918,Mei ling,Chua,A,Meiling92@live.com,6582982332,+6582982332,27/10/2021,1850090039,16,SHELL TELOK BLANGAH
Singapore,7001211376,Cher,Chiok,A,dustxxbunny@gmail.com,81819518,+6581819518,17/05/2021,1850090039,16,SHELL TELOK BLANGAH
Singapore,7001161278,Bryan,Tan,A,bryan.work@hotmail.com,91664506,+6591664506,07/03/2021,1850090039,16,SHELL TELOK BLANGAH
Singapore,7001064687,chiau ling,Choo,A,chooes@gmail.com,6598421800,+6598421800,08/01/2020,1850090039,16,SHELL TELOK BLANGAH
Singapore,7000873548,Joseph,Ho,A,josephholihwei@gmail.com,90705469,+6590705469,15/06/2022,1850090039,16,SHELL TELOK BLANGAH
Singapore,7001196988,Sze Ann,Chong,A,annchong86@gmail.com,88685688,+6588685688,30/10/2019,1850090039,16,SHELL TELOK BLANGAH
Singapore,7000960415,Carol,Sarmiento,A,xycarxey@yahoo.com,6583991894,+6583991894,01/02/2022,1850090051,16,SHELL SERANGOON GARDEN
Singapore,7001196234,Reavathi,Gunasekaran,A,reavathidolly0102@gmail.com,6581275544,+6581275544,01/11/2019,1850090029,16,SHELL PIERCE RESERVOIR
Singapore,7001165535,Adrina,Kay,A,adrinakay@hotmail.com,92299102,+6592299102,11/04/2019,1850090029,16,SHELL PIERCE RESERVOIR
Singapore,7001180714,Andy,Cheng,A,chen0581@gmail.com,06598572493,+656598572493,29/03/2020,1850090029,16,SHELL PIERCE RESERVOIR
Singapore,7001184038,Sok Nee,Fong,A,Sue.fongsn@gmail.com,87674198,+6587674198,22/02/2020,1850090051,16,SHELL SERANGOON GARDEN
Singapore,7001072239,Boon Kiat Jansen,Chua,A,jansenchua88@gmail.com,6581000763,+6581000763,16/06/2020,1850090029,16,SHELL PIERCE RESERVOIR
Singapore,7001145654,Yin Mao Kessler,Neo,A,kessler.neo@gmail.com,6591198590,+6591198590,24/02/2020,1850090051,16,SHELL SERANGOON GARDEN
Singapore,7001089278,Kia Ching Vivian,Tan,A,tkc.vivian@gmail.com,6582335453,+6582335453,12/05/2020,1850090051,16,SHELL SERANGOON GARDEN
Singapore,7001079277,shu en,kua,A,nonfatmilksolids@hotmail.com,91111609,+6591111609,19/10/2019,1850090051,16,SHELL SERANGOON GARDEN
Singapore,7001113029,Natalie,Tiong,A,nattiong@yahoo.com.sg,98892685,+6598892685,24/06/2019,1850090051,16,SHELL SERANGOON GARDEN
Singapore,7001190689,Melinda,Chia,A,melmelchia@yahoo.com.sg,98327177,+6598327177,24/05/2019,1850090051,16,SHELL SERANGOON GARDEN
Singapore,7000870933,WeiJiang,Cai,A,360parry@gmail.com,90498181,+6590498181,02/06/2020,1850090051,16,SHELL SERANGOON GARDEN
Singapore,7000616589,Ong,Kah Seng,A,davidoks@gmail.com,6591294890,+6591294890,04/05/2020,1850090051,16,SHELL SERANGOON GARDEN
Singapore,7000429443,Jo,Lim,A,hesperus.jo@gmail.com,91372768,+6591372768,03/06/2020,1850090005,16,SHELL BUKIT PANJANG
Singapore,7000364430,Lian Chiu,Chong,A,babyduo@hotmail.com,6581269589,+6581269589,04/05/2020,1850090005,16,SHELL BUKIT PANJANG
Singapore,7001196936,Cheau Yun,Low,A,yun_katrina@yahoo.com,6591214717,+6591214717,23/05/2022,1850090005,16,SHELL BUKIT PANJANG
Singapore,7000830593,Teo,Eng Kian,A,solidcashsecrets@gmail.com,98232630,+6598232630,16/06/2020,1850090005,16,SHELL BUKIT PANJANG
Singapore,7000925085,ken,Ng,A,kang_2403@yahoo.com.sg,84881981,+6584881981,27/03/2022,1850090034,16,SHELL SERANGOON ROAD
Singapore,7001186746,Montejo,Ira,A,iranationalmuseum@gmail.com,92480855,+6592480855,28/05/2022,1850090034,16,SHELL SERANGOON ROAD
Singapore,7000470662,Ee Ling,Ng,A,ngeeling10@yahoo.com.sg,6596945527,+6596945527,30/06/2021,1850090034,16,SHELL SERANGOON ROAD
Singapore,7001204863,Wai Yi,LEE,A,maggglwy@gmail.com,91697348,+6591697348,17/08/2020,1850090034,16,SHELL SERANGOON ROAD
Singapore,7001154375,gerald,koh,A,gerald.myself@live.com,93871250,+6593871250,10/03/2022,1850090049,16,SHELL SIGLAP
Singapore,7001131154,Jing Yi,Yap,A,starduz_17@hotmail.com,6591252478,+6591252478,18/06/2020,1850090048,16,SHELL CHANGI KEMBANGAN
Singapore,7001075248,Nurul Huda,Ismail,A,ismail.n.huda@gmail.com,86132443,+6586132443,07/03/2014,1850090048,16,SHELL CHANGI KEMBANGAN
Singapore,7001197744,Geraldine,Wong,A,lil.ms.meanie@gmail.com,97886827,+6597886827,26/12/2019,1850090043,16,SHELL UPPER BUKIT TIMAH PIE
Singapore,7001197453,Candice,Bak,A,tangie_77@hotmail.com,91451150,+6591451150,26/12/2019,1850090049,16,SHELL SIGLAP
Singapore,7001208312,Rachel,Chia,A,rchia005@e.ntu.edu.sg,6587880668,+6587880668,05/01/2021,1850090049,16,SHELL SIGLAP
Singapore,7000756694,Ng,Joann,A,woofie1020@hotmail.com,6592783138,+6592783138,02/03/2021,1850090049,16,SHELL SIGLAP
Singapore,7000868837,LOH,ZIXIAN,A,lohzixian@hotmail.com,91718469,+6591718469,03/06/2020,1850090049,16,SHELL SIGLAP
Singapore,7000420008,Bee Keng,Ng,A,nbkeng@hotmail.com,96675420,+6596675420,11/12/2020,1850090049,16,SHELL SIGLAP
Singapore,7001197816,Louis,Ang,A,louisang03@gmail.com,84599555,+6584599555,22/07/2020,1850090049,16,SHELL SIGLAP
Singapore,7001198222,Violet,Ng,A,violetngyuanle@gmail.com,6591778979,+6591778979,03/12/2019,1850090049,16,SHELL SIGLAP
Singapore,7001209798,Qiong,Hong,A,alison77520@gmail.com,91526660,+6591526660,02/03/2021,1850090048,16,SHELL CHANGI KEMBANGAN
Singapore,7000831924,Tan,Yeng Tian,A,mirrorshawn@yahoo.com.sg,96906559,+6596906559,02/06/2020,1850090048,16,SHELL CHANGI KEMBANGAN
Singapore,7001196998,Xin chye,Ho,A,xinchye1993@gmail.com,90256015,+6590256015,30/10/2019,1850090026,16,SHELL PASIR RIS
Singapore,7001197119,Huang,Hazel,A,Hazelhuangw@gmail.com,90471516,+6590471516,11/04/2021,1850090026,16,SHELL PASIR RIS
Singapore,7001196309,Janet,Lim,A,janhapp@yahoo.com.sg,+6592334973,+6592334973,16/06/2022,1850090026,16,SHELL PASIR RIS
Singapore,7001071975,Joleen,Ng,A,81.joleen@gmail.com,6593667410,+6593667410,13/01/2020,1850090026,16,SHELL PASIR RIS
Singapore,7001130328,Alvin,Teng,A,chn_jjn8@yahoo.com.sg,97730438,+6597730438,16/07/2019,1850090026,16,SHELL PASIR RIS
Singapore,7001157398,Cherry,Xie,A,Chianayu@gmail.com,6584818526,+6584818526,02/10/2020,1850090026,16,SHELL PASIR RIS
Singapore,7001183865,Hui Ling,Lee,A,hllee2011@gmail.com,6591551909,+6591551909,14/07/2021,1850090026,16,SHELL PASIR RIS
Singapore,7001187546,Kim Yuan,Pang,A,kimyuan74@gmail.com,87225499,+6587225499,31/12/2019,1850090026,16,SHELL PASIR RIS
Singapore,7001170193,JOLYN,TEO,A,90JOLYN90@GMAIL.COM,92296746,+6592296746,19/07/2019,1850090026,16,SHELL PASIR RIS
Singapore,7000478931,Tan,Kok Leong,A,chentankl@gmail.com,6592334932,+6592334932,07/02/2020,1850090048,16,SHELL CHANGI KEMBANGAN
Singapore,7000479787,Ruth,Zhang,A,ruthzhang@gmail.com,97727310,+6597727310,17/10/2019,1850090026,16,SHELL PASIR RIS
Singapore,7000475793,Siti Hadijah,Mohammed,A,hadijahm@gmail.com,6596642787,+6596642787,23/04/2019,1850090026,16,SHELL PASIR RIS
Singapore,7000471856,Teresa,Tong,A,pinkbells@gmail.com,98485407,+6598485407,02/07/2019,1850090026,16,SHELL PASIR RIS
Singapore,7000615012,Benjamin,Koh,A,bkly87@gmail.com,91504392,+6591504392,24/07/2019,1850090026,16,SHELL PASIR RIS
Singapore,7000572166,Lim,Ronnie,A,ronnielim@hotmail.com,96551725,+6596551725,30/11/2020,1850090026,16,SHELL PASIR RIS
Singapore,7000573565,Sihui,Aw,A,ariel_aw@hotmail.com,6590620064,+6590620064,14/10/2020,1850090026,16,SHELL PASIR RIS
Singapore,7000827206,Peng Kwan,Choo,A,iamtheceo@yahoo.com,6597893250,+6597893250,26/02/2019,1850090026,16,SHELL PASIR RIS
Singapore,7000854588,Peng Chye,Tam,A,pc.mete0ra@gmail.com,81212536,+6581212536,28/10/2020,1850090026,16,SHELL PASIR RIS
Singapore,7000845111,Clarice,Zhang,A,zhangclarice@gmail.com,92975326,+6592975326,19/06/2020,1850090026,16,SHELL PASIR RIS
Singapore,7000861455,Jian Bin,Neo,A,Japster_84@hotmail.com,97104171,+6597104171,15/06/2022,1850090026,16,SHELL PASIR RIS
Singapore,7000877577,Leon,Ng,A,leon_ngz@hotmail.com,92346242,+6592346242,31/05/2022,1850090026,16,SHELL PASIR RIS
Singapore,7000892408,Norsabirah,Salim,A,sabirov29@gmail.com,81890693,+6581890693,29/04/2020,1850090026,16,SHELL PASIR RIS
Singapore,7000965357,Wendy,Kwok,A,wendy_kwok22@hotmail.com,6597506300,+6597506300,01/09/2021,1850090026,16,SHELL PASIR RIS
Singapore,7000986758,Sunny,Lek,A,Hanabishi_recca87@hotmail.com,98892672,+6598892672,29/01/2019,1850090026,16,SHELL PASIR RIS
Singapore,7000992709,William,Koo,A,koo.william25@gmail.com,6591688626,+6591688626,04/05/2020,1850090026,16,SHELL PASIR RIS
Singapore,7001194021,Kim Hong,Tan,A,Jessietkh@yahoo.com.sg,6596462822,+6596462822,04/11/2019,1850090026,16,SHELL PASIR RIS
Singapore,7001018442,Xun Xiang,Ong,A,skies_verse@hotmail.com,96799642,+6596799642,25/01/2021,1850090026,16,SHELL PASIR RIS
Singapore,7001030310,Christina,Sitoh,A,christina073@ymail.com,83998581,+6583998581,31/05/2020,1850090026,16,SHELL PASIR RIS
Singapore,7001024422,muhammad haziq,hamzah,A,iamhaziqhamzah@gmail.com,91142203,+6591142203,09/02/2022,1850090026,16,SHELL PASIR RIS
Singapore,7001074401,Linda,Xue,A,shizuka929@gmail.com,6594569636,+6594569636,25/06/2019,1850090026,16,SHELL PASIR RIS
Singapore,7001089491,Fitri,Zakaria,A,Fitri_zakaria@outlook.com,6592711653,+6592711653,08/06/2022,1850090026,16,SHELL PASIR RIS
Singapore,7001111734,KIM HOCK,TAN,A,ERNIE001TAN@HOTMAIL.COM,6593895635,+6593895635,26/04/2021,1850090026,16,SHELL PASIR RIS
Singapore,7001116124,Shi Hui,Koh,A,btss.shihui.4a1@gmail.com,6590607831,+6590607831,30/10/2020,1850090026,16,SHELL PASIR RIS
Singapore,7001207732,Seng wah,Chan,A,Aelicia1416@gmail.com,91457884,+6591457884,30/11/2020,1850090026,16,SHELL PASIR RIS
Singapore,7001209639,Jie,Jing,A,jjng0606@gmail.com,6595654555,+6595654555,27/05/2022,1850090026,16,SHELL PASIR RIS
Singapore,7001046437,Matthew Kumar,Danaraj,A,makupol@hotmail.com,88668806,+6588668806,05/06/2022,1850090026,16,SHELL PASIR RIS
Singapore,7001204058,Colin,Wan,A,colinwan69@gmail.com,98295522,+6598295522,29/11/2020,1850090026,16,SHELL PASIR RIS
Singapore,7001206974,Jia Yan,Ting,A,jiayan285@hotmail.com,97121794,+6597121794,05/06/2022,1850090026,16,SHELL PASIR RIS
Singapore,7001202493,Lester,Lim,A,Lester.yl@hotmail.com,92958985,+6592958985,29/03/2020,1850090026,16,SHELL PASIR RIS
Singapore,7001203163,Yao huai,Lim,A,Kenlim5579@gmail.com,91376109,+6591376109,12/05/2020,1850090026,16,SHELL PASIR RIS
Singapore,7001196662,Celine,Ho,A,Celine.windchime@gmail.com,90051243,+6590051243,24/10/2019,1850090026,16,SHELL PASIR RIS
Singapore,7001196556,Nurlianah,Zohairi,A,Lyaridsleah@gmail.com,88129358,+6588129358,23/10/2019,1850090026,16,SHELL PASIR RIS
Singapore,7001196036,Bemily,H,A,Bemilyhuang@gmail.com,96796471,+6596796471,11/10/2019,1850090026,16,SHELL PASIR RIS
Singapore,7001196119,Qi Xiang,TAN,A,torn74@hotmail.com,96994556,+6596994556,03/01/2020,1850090026,16,SHELL PASIR RIS
Singapore,7001197107,Jaslyn,Yuen,A,yuenjaslyn@gmail.com,6596422068,+6596422068,11/11/2019,1850090026,16,SHELL PASIR RIS
Singapore,7001201116,Chong,Terence,A,terencecwp@gmail.com,82901123,+6582901123,12/02/2020,1850090026,16,SHELL PASIR RIS
Singapore,7001199175,Rachel,Choo,A,Chickya88@yahoo.com.sg,97421884,+6597421884,10/06/2022,1850090026,16,SHELL PASIR RIS
Singapore,7001202642,Jeniffer Yuen Lan,Ng,A,Jenifferbites@gmail.com,6581469124,+6581469124,28/12/2020,1850090026,16,SHELL PASIR RIS
Singapore,7001166242,Kok Tiong,Tay,A,taykok246@gmail.com,98433559,+6598433559,13/02/2020,1850090026,16,SHELL PASIR RIS
Singapore,7001180585,Sheeying,Wong,A,Shingawase@hotmail.com,98341194,+6598341194,08/06/2022,1850090026,16,SHELL PASIR RIS
Singapore,7001179754,Jing Yi,Ng,A,Jingyi0831@gmail.com,6597731673,+6597731673,15/06/2022,1850090026,16,SHELL PASIR RIS
Singapore,7001179757,Shee Leng,Wong,A,Sheelengw@gmail.com,6594764598,+6594764598,16/06/2022,1850090026,16,SHELL PASIR RIS
Singapore,7001187116,Angela,Ho,A,angelahowt@outlook.com,06596851347,+656596851347,12/03/2022,1850090026,16,SHELL PASIR RIS
Singapore,7001186875,RAYMOND,KHOO,A,khoo_raymond@yahoo.com.sg,6590283201,+6590283201,03/08/2019,1850090026,16,SHELL PASIR RIS
Singapore,7001183514,Azizah,Ahmad Sha,A,zizah1972@gmail.com,90043147,+6590043147,09/03/2020,1850090026,16,SHELL PASIR RIS
Singapore,7001158483,Mohammed Rehmat,Khan,A,Rehmat_tampines@hotmail.com,86868413,+6586868413,11/10/2019,1850090026,16,SHELL PASIR RIS
Singapore,7001159004,Xian,Yi,A,yixianng@outlook.com,93960675,+6593960675,11/06/2022,1850090026,16,SHELL PASIR RIS
Singapore,7001125530,Wei Shan,Kong,A,kwshan215@gmail.com,6584998953,+6584998953,19/06/2020,1850090026,16,SHELL PASIR RIS
Singapore,7001220102,Dene,Dene,A,Dgkntas@gmail.com,5555555555,+655555555555,04/03/2022,1850090026,16,SHELL PASIR RIS
Singapore,7001196258,Vana,Shenan,A,vanashenan2014@hotmail.com,84222014,+6584222014,15/10/2019,1850090049,16,SHELL SIGLAP
Singapore,7001196303,Simon,See,A,ck.simonsee@gmail.com,81122331,+6581122331,06/11/2019,1850090049,16,SHELL SIGLAP
Singapore,7000787523,Marcia,Wong,A,marcia.wyp@gmail.com,90621192,+6590621192,31/05/2020,1850090049,16,SHELL SIGLAP
Singapore,7000121085,"Xiao Mei, Jacqueline",Lin,A,cuteroxy86@yahoo.com,96194270,+6596194270,20/04/2019,1850090048,16,SHELL CHANGI KEMBANGAN
Singapore,7001188539,Raviteja,Guntha,A,ravitejaguntha@gmail.com,94296005,+6594296005,01/07/2021,1850090048,16,SHELL CHANGI KEMBANGAN
Singapore,7001207505,Fathiah,Jupri,A,fathiahzahiah@gmail.com,87495546,+6587495546,16/11/2020,1850090048,16,SHELL CHANGI KEMBANGAN
Singapore,7001060621,Zirong,Wu,A,Gohhuichen@icloud.com,6598309823,+6598309823,14/01/2020,1850090048,16,SHELL CHANGI KEMBANGAN
Singapore,7001159060,Joyce,Goh,A,joycestarz@gmail.com,6581575009,+6581575009,27/12/2019,1850090048,16,SHELL CHANGI KEMBANGAN
Singapore,7001157457,ZBao,Chia,A,czuanbao@gmail.com,97357184,+6597357184,16/06/2022,1850090049,16,SHELL SIGLAP
Singapore,7001141268,Patricia,Long,A,patlongsl@gmail.com,97534038,+6597534038,17/05/2020,1850090049,16,SHELL SIGLAP
Singapore,7001138967,Vincent,Tan,A,mastertyk@yahoo.com.sg,6597630275,+6597630275,04/03/2019,1850090049,16,SHELL SIGLAP
Singapore,7001185736,Wei Ling,Koh,A,kohweiling@live.com.sg,6594758474,+6594758474,03/10/2021,1850090049,16,SHELL SIGLAP
Singapore,7001180847,Lisa,Goh,A,gohlwl@gmail.com,6582221766,+6582221766,04/06/2019,1850090049,16,SHELL SIGLAP
Singapore,7001203524,Huey Wen,Choo,A,choo.hueywen@gmail.com,90698047,+6590698047,25/06/2020,1850090049,16,SHELL SIGLAP
Singapore,7001203993,Pearlyn,Tan,A,Pearlynt95@hotmail.com,92973284,+6592973284,31/07/2020,1850090049,16,SHELL SIGLAP
Singapore,7001196328,Mee Teng,Ng,A,hvngmt@gmail.com,6598529418,+6598529418,29/01/2020,1850090049,16,SHELL SIGLAP
Singapore,7001196749,Tina,Lee,A,tinaleegan@gmail.com,6596857045,+6596857045,03/12/2019,1850090049,16,SHELL SIGLAP
Singapore,7001196824,Edwin,Gan,A,nagniwde@gmail.com,92296282,+6592296282,09/04/2020,1850090049,16,SHELL SIGLAP
Singapore,7001199968,Shamini,Anbarazan,A,shaminianba@hotmail.com,81862447,+6581862447,27/01/2020,1850090049,16,SHELL SIGLAP
Singapore,7001198274,Mei Yin,Lim,A,sootbull86@gmail.com,93679899,+6593679899,30/06/2020,1850090049,16,SHELL SIGLAP
Singapore,7001024939,SHAIKH MUHAMMAD,ALKHATIB,A,khatieb@me.com,98125464,+6598125464,08/04/2020,1850090049,16,SHELL SIGLAP
Singapore,7001193515,kathryn,Heng,A,kathrynheng@gmail.com,6596905775,+6596905775,02/12/2021,1850090049,16,SHELL SIGLAP
Singapore,7001192004,Jia,Lim,A,jia-hwee@hotmail.com,90739925,+6590739925,27/06/2019,1850090049,16,SHELL SIGLAP
Singapore,7000912299,Katrine,Poon,A,eugene.kat@gmail.com,6596818505,+6596818505,30/06/2021,1850090049,16,SHELL SIGLAP
Singapore,7000434156,Dawn,Pereira,A,dawnpereira@gmail.com,6587421805,+6587421805,04/02/2022,1850090049,16,SHELL SIGLAP
Singapore,7000365387,Jiewei,Wong,A,wongjiewei@gmail.com,82007319,+6582007319,11/06/2022,1850090049,16,SHELL SIGLAP
Singapore,7000862974,chua,chang kwee,A,ck_glenn@hotmail.com,96261611,+6596261611,03/06/2020,1850090048,16,SHELL CHANGI KEMBANGAN
Singapore,7001187019,KOK CHUAN,LIM,A,limkokchuan78@gmail.com,88281954,+6588281954,30/05/2019,1850090048,16,SHELL CHANGI KEMBANGAN
Singapore,7001017040,sekka,muthu,A,m_sekkappan@yahoo.com,6597667785,+6597667785,15/12/2021,1850090048,16,SHELL CHANGI KEMBANGAN
Singapore,7001059311,Hui Yang,Tan,A,tanhyvii@gmail.com,97897411,+6597897411,27/07/2020,1850090048,16,SHELL CHANGI KEMBANGAN
Singapore,7001202782,Noraini,Abdul Hamid,A,noraini100@hotmail.com,93393264,+6593393264,05/05/2020,1850090048,16,SHELL CHANGI KEMBANGAN
Singapore,7001089054,SIEW YING CATHERINE,CHEN,A,geocatrac@gmail.com,81272709,+6581272709,21/10/2019,1850090048,16,SHELL CHANGI KEMBANGAN
Singapore,7001201269,Wendy,Liong,A,wendyiiwl@hotmail.sg,91996213,+6591996213,05/06/2022,1850090048,16,SHELL CHANGI KEMBANGAN
Singapore,7001196052,Sharina,Gan,A,Sharinagan@gmail.com,6590182117,+6590182117,15/06/2022,1850090048,16,SHELL CHANGI KEMBANGAN
Singapore,7001033357,Vivian,Choo,A,vivianchooht@gmail.com,98276934,+6598276934,03/01/2020,1850090048,16,SHELL CHANGI KEMBANGAN
Singapore,7001048476,MIN,yap,A,starstreak_@hotmail.com,6581234355,+6581234355,18/07/2019,1850090034,16,SHELL SERANGOON ROAD
Singapore,7001040913,qin ying,goh,A,qinying_85@hotmail.com,98554713,+6598554713,25/07/2019,1850090048,16,SHELL CHANGI KEMBANGAN
Singapore,7001202910,Rozanah,Mohamed,A,godisone_2510@hotmail.com,6596422608,+6596422608,07/07/2020,1850090048,16,SHELL CHANGI KEMBANGAN
Singapore,7001081323,Krysthel Joyce,Calapardo,A,keisbizunlimited@yahoo.com,06584994575,+656584994575,31/12/2021,1850090034,16,SHELL SERANGOON ROAD
Singapore,7001201296,vivian,woo,A,woo_vivian@hotmail.com,91391462,+6591391462,17/02/2020,1850090048,16,SHELL CHANGI KEMBANGAN
Singapore,7001191317,Kate,Tan,A,Five3one@hotmail.com,91726289,+6591726289,17/01/2020,1850090048,16,SHELL CHANGI KEMBANGAN
Singapore,7001205371,Christopher,Lee,A,chrislee5532@hotmail.com,97385532,+6597385532,17/05/2021,1850090048,16,SHELL CHANGI KEMBANGAN
Singapore,7001196256,Katherine,Tan,A,ktly12@yahoo.com,6588339198,+6588339198,23/10/2019,1850090048,16,SHELL CHANGI KEMBANGAN
Singapore,7001191413,Yee Peng,Lok,A,vanna1522@gmail.com,6585871382,+6585871382,25/06/2019,1850090048,16,SHELL CHANGI KEMBANGAN
Singapore,7001190907,Keang Miin,Cheong,A,c.miin93@gmail.com,87749112,+6587749112,13/08/2020,1850090048,16,SHELL CHANGI KEMBANGAN
Singapore,7001220014,Qin Mei,Ng,A,qinmei_85@yahoo.com,90407932,+6590407932,15/06/2022,1850090048,16,SHELL CHANGI KEMBANGAN
Singapore,7000998429,yoke lin,seetoh,A,thefoolpartswithhismoney@gmail.com,6590571646,+6590571646,19/03/2019,1850090005,16,SHELL BUKIT PANJANG
Singapore,7000354531,Lynn,See Toh,A,popeyesnow@gmail.com,97594198,+6597594198,06/04/2022,1850090005,16,SHELL BUKIT PANJANG
Singapore,7000999344,Yi Xiu,Ng,A,n.yixiu@gmail.com,93882482,+6593882482,19/10/2020,1850090005,16,SHELL BUKIT PANJANG
Singapore,7001208340,Yijing,Chai,A,yijingchai4@gmail.com,6584212418,+6584212418,03/03/2021,1850090034,16,SHELL SERANGOON ROAD
Singapore,7001187234,Qi Feng keith,Tan,A,tanjhj@gmail.com,93669669,+6593669669,03/10/2019,1850090034,16,SHELL SERANGOON ROAD
Singapore,7001174846,Gareth,Fong,A,fongesgareth@gmail.com,06598758525,+656598758525,15/06/2022,1850090007,16,SHELL CHOA CHU KANG
Singapore,7001109295,PL,Goh,A,plveron@yahoo.com.sg,6597771937,+6597771937,09/07/2021,1850090051,16,SHELL SERANGOON GARDEN
Singapore,7000642646,Seu Chu,Koh,A,rootdroid@hotmail.com,81591562,+6581591562,11/05/2021,1850090051,16,SHELL SERANGOON GARDEN
Singapore,7001194136,Sok Eng,Lim,A,Jennielim83@gmail.com,6583666604,+6583666604,03/03/2022,1850090051,16,SHELL SERANGOON GARDEN
Singapore,7001196150,Xinni,Chua,A,chuaxinni89@gmail.com,81389940,+6581389940,18/10/2019,1850090051,16,SHELL SERANGOON GARDEN
Singapore,7001211138,Michelle,Lim,A,winmicpong@hotmail.com,81118943,+6581118943,16/04/2021,1850090051,16,SHELL SERANGOON GARDEN
Singapore,7001013689,Soek Lih,Chow,A,soeklih@yahoo.com,81819349,+6581819349,05/12/2020,1850090051,16,SHELL SERANGOON GARDEN
Singapore,7000518556,Seow,Yuansheng,A,jupiterseow@hotmail.com,94389446,+6594389446,18/07/2019,1850090051,16,SHELL SERANGOON GARDEN
Singapore,7001139211,Peiyuan,Zeng,A,ian.zeng@gmail.com,6591514871,+6591514871,04/06/2020,1850090051,16,SHELL SERANGOON GARDEN
Singapore,7000513583,Caroline,Quah,A,cquah@hotmail.com,+65 81388019,+6581388019,26/05/2022,1850090051,16,SHELL SERANGOON GARDEN
Singapore,7001089501,MingPei Gladys,Teo,A,gladtmp@hotmail.com,81126206,+6581126206,26/08/2021,1850090051,16,SHELL SERANGOON GARDEN
Singapore,7000479312,Yuen Khim Lilian,Low,A,weelock@hotmail.com,6590235003,+6590235003,10/05/2020,1850090048,16,SHELL CHANGI KEMBANGAN
Singapore,7001128531,Katherine,Tan,A,kathttan@gmail.com,6596808621,+6596808621,03/10/2021,1850090048,16,SHELL CHANGI KEMBANGAN
Singapore,7001112522,Fiona,Yeo,A,skfyeo@gmail.com,91326580,+6591326580,15/06/2022,1850090048,16,SHELL CHANGI KEMBANGAN
Singapore,7001199098,Shellen,Chai,A,shellen.kiang@gmail.com,97625089,+6597625089,28/02/2021,1850090016,16,SHELL JALAN AHMAD IBRAHIM
Singapore,7001194031,Sze yoong,TAN,A,yongkor5188@gmail.com,81526299,+6581526299,10/09/2021,1850090016,16,SHELL JALAN AHMAD IBRAHIM
Singapore,7000470224,Sherene,Neo,A,stardust2205@hotmail.com,93800599,+6593800599,28/11/2020,1850090002,16,SHELL BOON LAY
Singapore,7000434902,Eng Soon,Teo,A,pingfaninsg@gmail.com,85281207221,+6585281207221,01/01/2020,1850090002,16,SHELL BOON LAY
Singapore,7000980060,Chee Wee David,Tan,A,eng10523@yahoo.com.sg,6596280563,+6596280563,30/05/2022,1850090002,16,SHELL BOON LAY
Singapore,7001159691,Merriane,Chua,A,Wytmei@yahoo.com,+6581379945,+6581379945,01/09/2021,1850090021,16,SHELL NEWTON CIRCUS
Singapore,7001181262,Lucena,Mujeres,A,lucena80848@gmail.com,96838155,+6596838155,27/04/2022,1850090021,16,SHELL NEWTON CIRCUS
Singapore,7001186933,Calvin,Chan Yau,A,yaucalvin0517@gmail.com,86695496,+6586695496,20/10/2020,1850090006,16,SHELL BUKIT TIMAH HILL
Singapore,7000824756,Eliza,Chay,A,blue_whirl@hotmail.com,91835036,+6591835036,21/05/2020,1850090039,16,SHELL TELOK BLANGAH
Singapore,7001209411,Yan Ping,Leng,A,Lengyanping@gmail.com,98411002,+6598411002,09/07/2021,1850090021,16,SHELL NEWTON CIRCUS
Singapore,7001203251,Sheryn,Chan,A,sherynchanly@gmail.com,96228574,+6596228574,23/11/2020,1850090021,16,SHELL NEWTON CIRCUS
Singapore,7001178814,Su-Ying,Han,A,han_suying@hotmail.com,6597590616,+6597590616,17/01/2020,1850090021,16,SHELL NEWTON CIRCUS
Singapore,7001127515,Jonathan,Lim,A,jonlim87@googlemail.com,006582185661,'+656582185661,12/09/2020,1850090039,16,SHELL TELOK BLANGAH
Singapore,7001050466,Siok Lay Gladys,Tan,A,gladystansioklay@gmail.com,82226348,+6582226348,09/06/2022,1850090039,16,SHELL TELOK BLANGAH
Singapore,7000807638,Johnny,Tan,A,jtaninc@gmail.com,6593368817,+6593368817,03/06/2022,1850090021,16,SHELL NEWTON CIRCUS
Singapore,7000542396,Lim,Swee Keat,A,marcsk@gmail.com,+6598223570,+6598223570,05/10/2019,1850090021,16,SHELL NEWTON CIRCUS
Singapore,7001152525,Hyeji,Son,A,wowinfinite1106@gmail.com,6593967852,+6593967852,02/06/2020,1850090021,16,SHELL NEWTON CIRCUS
Singapore,7000647550,Chen,Lijie,A,marlenetan@gmail.com,+6598734167,+6598734167,24/04/2019,1850090016,16,SHELL JALAN AHMAD IBRAHIM
Singapore,7001204102,Li Yin,Lim,A,limliyin@hotmail.com,94898616,+6594898616,16/02/2022,1850090016,16,SHELL JALAN AHMAD IBRAHIM
Singapore,7001115452,Yongyi,Huang,A,yixin_77@yahoo.com.sg,90211490,+6590211490,05/05/2020,1850090016,16,SHELL JALAN AHMAD IBRAHIM
Singapore,7001114193,Khoo,Boon Suan,A,boon_suan@hotmail.com,98420243,+6598420243,03/11/2019,1850090016,16,SHELL JALAN AHMAD IBRAHIM
Singapore,7000781053,Azhari,Asnan,A,worksweekly@hotmail.com,6592403980,+6592403980,30/06/2021,1850090004,16,SHELL BUKIT BATOK NP
Singapore,7000835585,Wee Chi,Kwok,A,kwokwc@herbalparade.com,97680146,+6597680146,17/10/2019,1850090004,16,SHELL BUKIT BATOK NP
Singapore,7001193650,Hwee Hiang,Lim,A,Karyn.faith@yahoo.com.sg,6591688123,+6591688123,11/08/2019,1850090022,16,SHELL NEWTON HOOPER RD
Singapore,7000986984,Jared,Koh,A,dr.sykoh@gmail.com,90170816,+6590170816,10/09/2020,1850090010,16,SHELL DUNEARN UNIVERSITY
Singapore,7001079723,Hazel,Ng,A,Hazelnjx@gmail.com,6592213958,+6592213958,05/06/2020,1850090051,16,SHELL SERANGOON GARDEN
Singapore,7000506867,Phua,Si Yang,A,siyang89@hotmail.com,91542733,+6591542733,13/06/2019,1850090051,16,SHELL SERANGOON GARDEN
Singapore,7001160973,Shiyong,Phua,A,phuashiyong1@hotmail.com,83828567,+6583828567,22/07/2019,1850090051,16,SHELL SERANGOON GARDEN
Singapore,7001021981,Meng Loong,Low,A,lowmengloong@yahoo.com,6597617856,+6597617856,31/12/2019,1850090051,16,SHELL SERANGOON GARDEN
Singapore,7001067690,Yit Han,Wong,A,yithan@hotmail.com,96742558,+6596742558,15/10/2019,1850090051,16,SHELL SERANGOON GARDEN
Singapore,7001208123,Hong Xiang,Wong,A,benwhx@hotmail.com,85042935,+6585042935,06/03/2021,1850090051,16,SHELL SERANGOON GARDEN
Singapore,7001215059,Choon Sun,Poon,A,poonchoonsun@hotmail.com,96808791,+6596808791,18/09/2021,1850090051,16,SHELL SERANGOON GARDEN
Singapore,7000510427,Paulynn,Tang,A,tang_paulynn@yahoo.com.sg,6596965080,+6596965080,09/06/2020,1850090051,16,SHELL SERANGOON GARDEN
Singapore,7001098002,Siti Hawa,Abd Mutalib,A,lutmatin@gmail.com,97831337,+6597831337,21/10/2019,1850090051,16,SHELL SERANGOON GARDEN
Singapore,7001196251,Cynthia Shirley,Panchagayam,A,august_85@hotmail.com,6583184112,+6583184112,17/10/2019,1850090051,16,SHELL SERANGOON GARDEN
Singapore,7001197009,Mitch,Yeo,A,Karinemuck@yahoo.com.sg,96818333,+6596818333,02/04/2020,1850090051,16,SHELL SERANGOON GARDEN
Singapore,7001199204,Rehena,Mohd Ali,A,rehena1974@gmail.com,97777980,+6597777980,24/02/2022,1850090051,16,SHELL SERANGOON GARDEN
Singapore,7001116081,Ching Kok,Chan,A,douglas.chanck@gmail.com,90056285,+6590056285,16/06/2022,1850090051,16,SHELL SERANGOON GARDEN
Singapore,7000690528,Bao Lim,Ng,A,baolim@gmail.com,6591051957,+6591051957,02/06/2020,1850090051,16,SHELL SERANGOON GARDEN
Singapore,7000915361,Bee Peng Lilian,Yap,A,yapbp@yahoo.com.sg,6592340870,+6592340870,28/08/2020,1850090051,16,SHELL SERANGOON GARDEN
Singapore,7001160034,Damian,Yip,A,comandosg@hotmail.com,6598236107,+6598236107,06/01/2022,1850090051,16,SHELL SERANGOON GARDEN
Singapore,7001147558,Jerome,Leon,A,ultimatejele@hotmail.com,6596777677,+6596777677,12/05/2020,1850090051,16,SHELL SERANGOON GARDEN
Singapore,7001122632,Jing Yi,Tan,A,jeantjy@gmail.com,6598467505,+6598467505,02/09/2021,1850090051,16,SHELL SERANGOON GARDEN
Singapore,7001205137,Wai Kit,Soong,A,waikitsoong0916@gmail.com,6585561417,+6585561417,16/10/2021,1850090026,16,SHELL PASIR RIS
Singapore,7001197434,Zubaidah,Azman,A,s10.siti@gmail.com,90622767,+6590622767,10/11/2019,1850090051,16,SHELL SERANGOON GARDEN
Singapore,7001194029,Adrian,Heng,A,aliensix@gmail.com,98228767,+6598228767,29/01/2020,1850090051,16,SHELL SERANGOON GARDEN
Singapore,7001213071,Si Ning,Leow,A,ninnnnniee@gmail.com,96976383,+6596976383,08/07/2021,1850090051,16,SHELL SERANGOON GARDEN
Singapore,7001060522,Heng Hua Jemas,Yeo,A,Jemasyeo@gmail.com,91073554,+6591073554,04/06/2020,1850090051,16,SHELL SERANGOON GARDEN
Singapore,7000960924,Sophyna,Ramlee,A,sophy23@hotmail.com,6592779567,+6592779567,03/06/2020,1850090051,16,SHELL SERANGOON GARDEN
Singapore,7001019044,Bhavina,Kaur,A,bhavina_kaur@hotmail.com,91708295,+6591708295,30/01/2020,1850090051,16,SHELL SERANGOON GARDEN
Singapore,7001073054,Yi Yan,Tan,A,yy0825@hotmail.com,6596263919,+6596263919,20/05/2020,1850090051,16,SHELL SERANGOON GARDEN
Singapore,7001194668,Sharon,Thang,A,yythang@gmail.com,90060005,+6590060005,06/02/2020,1850090051,16,SHELL SERANGOON GARDEN
Singapore,7001122194,Tan,Shu Ling,A,shuuhs12@gmail.com,86116911,+6586116911,15/10/2019,1850090051,16,SHELL SERANGOON GARDEN
Singapore,7001196966,Tracy,Neo,A,tracyneo@ymail.com,6596368657,+6596368657,01/10/2020,1850090051,16,SHELL SERANGOON GARDEN
Singapore,7001196169,Sherry,Edmalin,A,sherrylianne.edmalin@gmail.com,91816247,+6591816247,14/10/2019,1850090051,16,SHELL SERANGOON GARDEN
Singapore,7000839931,Seow See,Cheong,A,seow_see121@hotmail.com,83226179,+6583226179,24/05/2020,1850090051,16,SHELL SERANGOON GARDEN
Singapore,7001124424,mei teai,wong,A,joanwmt@gmail.com,6596390102,+6596390102,18/07/2019,1850090051,16,SHELL SERANGOON GARDEN
Singapore,7001159559,Eveline,Yousefa,A,E_yousefa@yahoo.com,83231088,+6583231088,05/12/2019,1850090051,16,SHELL SERANGOON GARDEN
Singapore,7001182855,Kalidas,Chandran,A,komradz80@gmail.com,6590211653,+6590211653,22/10/2019,1850090051,16,SHELL SERANGOON GARDEN
Singapore,7000290167,Kim,En,A,kimhuaien@hotmail.com,92700896,+6592700896,02/09/2021,1850090051,16,SHELL SERANGOON GARDEN
Singapore,7001117850,Wei Lian,Lim,A,weilian1024@hotmail.com,6596561196,+6596561196,10/02/2022,1850090051,16,SHELL SERANGOON GARDEN
Singapore,7001076703,Karen,Yew,A,Sbyew111@hotmail.com,82339676,+6582339676,27/11/2019,1850090051,16,SHELL SERANGOON GARDEN
Singapore,7001196151,Joleen,Goh,A,Jogoh27@gmail.com,6592988220,+6592988220,17/10/2019,1850090051,16,SHELL SERANGOON GARDEN
Singapore,7001202218,Angelita,Ladores,A,angelitaladores@gmail.com,90168914,+6590168914,24/03/2020,1850090051,16,SHELL SERANGOON GARDEN
Singapore,7001199969,Priya,Nadarajan,A,frenchfingers@hotmail.com,6591057732,+6591057732,30/03/2020,1850090051,16,SHELL SERANGOON GARDEN
Singapore,7001164737,Jacelyn,Koh,A,Jacelyn.kohql@gmail.com,81186141,+6581186141,03/10/2019,1850090051,16,SHELL SERANGOON GARDEN
Singapore,7001202742,Yi Chuan,Law,A,sheldonlaw@gmail.com,6581824925,+6581824925,12/04/2020,1850090051,16,SHELL SERANGOON GARDEN
Singapore,7000571057,Mei Hua,Ng,A,ngmeihua@gmail.com,6597673508,+6597673508,19/06/2020,1850090051,16,SHELL SERANGOON GARDEN
Singapore,7001076155,Hazel,Leong,A,hazel_leong_is@yahoo.com,97362857,+6597362857,18/05/2022,1850090051,16,SHELL SERANGOON GARDEN
Singapore,7001196623,Shirley,Koh,A,Shirleykoh2820@gmail.com,82330869,+6582330869,04/06/2020,1850090051,16,SHELL SERANGOON GARDEN
Singapore,7000835238,Jasria,Ng,A,Jasriang@yahoo.com.sg,6597578850,+6597578850,19/02/2022,1850090051,16,SHELL SERANGOON GARDEN
Singapore,7000999490,Serena,Chiw,A,chiwserena@gmail.com,6581880488,+6581880488,14/03/2022,1850090051,16,SHELL SERANGOON GARDEN
Singapore,7001196160,Prabhakar,Rajaram,A,prabhaclub82@gmail.com,94865275,+6594865275,19/10/2019,1850090051,16,SHELL SERANGOON GARDEN
Singapore,7001201351,Chet Heng,Hong,A,mj7877@yahoo.com.sg,91766090,+6591766090,30/03/2020,1850090051,16,SHELL SERANGOON GARDEN
Singapore,7001202012,MARK NEIL,BULATAO,A,info.markneilbulatao@gmail.com,89220737,+6589220737,11/12/2021,1850090051,16,SHELL SERANGOON GARDEN
Singapore,7001202663,joyce,wee,A,joyceweeys@gmail.com,96827285,+6596827285,22/03/2020,1850090051,16,SHELL SERANGOON GARDEN
Singapore,7001202011,Mark Neil,Bulatao,A,info.markneilbulatao@yahoo.com,6597741662,+6597741662,17/03/2020,1850090051,16,SHELL SERANGOON GARDEN
Singapore,7001196747,Keng Lim,Lee,A,favaslkl@gmail.com,92742727,+6592742727,31/10/2019,1850090051,16,SHELL SERANGOON GARDEN
Singapore,7001186177,Eugene,Ong,A,eugeneojj@hotmail.com,81133177,+6581133177,14/02/2019,1850090051,16,SHELL SERANGOON GARDEN
Singapore,7001172215,Ferlyn,Yeng,A,singchee82@hotmail.com,97554232,+6597554232,16/03/2021,1850090051,16,SHELL SERANGOON GARDEN
Singapore,7000372339,Vanessa,Goh,A,vannyk@gmail.com,81866227,+6581866227,21/04/2019,1850090025,16,SHELL PASIR PANJANG 328
Singapore,7000743435,Tan,Ban Yang Alvin,A,banyang@gmail.com,96208677,+6596208677,09/09/2020,1850090025,16,SHELL PASIR PANJANG 328
Singapore,7000992565,Siew Ling Wendy,Pang,A,icer_86@hotmail.com,6596278674,+6596278674,30/06/2020,1850090025,16,SHELL PASIR PANJANG 328
Singapore,7001193835,Ren Xiang,Lee,A,renxiang91@gmail.com,90072220,+6590072220,14/08/2019,1850090025,16,SHELL PASIR PANJANG 328
Singapore,7001198161,Hui,Hui,A,Fbcomment@outlook.com,6598769876,+6598769876,27/11/2019,1850090025,16,SHELL PASIR PANJANG 328
Singapore,7001196266,Nur Herlina,Hermanto,A,nurherlina.hermanto@gmail.com,84684494,+6584684494,16/10/2019,1850090025,16,SHELL PASIR PANJANG 328
Singapore,7001196511,Pei Yi Bernice,Sum,A,bernicesum@hotmail.com,85006866,+6585006866,20/10/2019,1850090025,16,SHELL PASIR PANJANG 328
Singapore,7001196310,Siang Leng,Goh,A,qwertysling@yahoo.com.sg,86992338,+6586992338,03/03/2022,1850090025,16,SHELL PASIR PANJANG 328
Singapore,7001212207,Wey Han,Wong,A,Wongweyhan@hotmail.com,6597432228,+6597432228,27/10/2021,1850090025,16,SHELL PASIR PANJANG 328
Singapore,7001191867,Qi An,Ang,A,woshiqian256@gmail.com,6587744819,+6587744819,28/05/2022,1850090026,16,SHELL PASIR RIS
Singapore,7001188625,Csyndi,See Toh,A,csyndi@gmail.com,93633496,+6593633496,27/06/2019,1850090026,16,SHELL PASIR RIS
Singapore,7000788741,Jessica,Quah,A,jessicaquahkx@gmail.com,94503315,+6594503315,13/05/2022,1850090026,16,SHELL PASIR RIS
Singapore,7001196248,Serene,Lee,A,Sles_26@hotmail.com,6592389633,+6592389633,02/11/2019,1850090026,16,SHELL PASIR RIS
Singapore,7001207723,Abel,Chang,A,abel.changwy@gmail.com,81136167,+6581136167,29/06/2021,1850090026,16,SHELL PASIR RIS
Singapore,7001045627,Travis,Chew,A,waves5588@gmail.com,90259124,+6590259124,03/06/2020,1850090051,16,SHELL SERANGOON GARDEN
Singapore,7000997583,zahidah,mohamed naim,A,lynnda0430@yahoo.com.sg,98534755,+6598534755,04/05/2020,1850090051,16,SHELL SERANGOON GARDEN
Singapore,7001196249,Shihui,Foo,A,inu1982@GMAIL.COM,6597357438,+6597357438,21/10/2019,1850090051,16,SHELL SERANGOON GARDEN
Singapore,7001113483,Adriana,Ting,A,ating7@gmail.com,97255963,+6597255963,21/05/2020,1850090051,16,SHELL SERANGOON GARDEN
Singapore,7000905624,Lau,Sharon,A,girlny1988@yahoo.com,6581280567,+6581280567,09/03/2021,1850090051,16,SHELL SERANGOON GARDEN
Singapore,7000955844,Ciyun,Chen,A,C.ciyun@gmail.com,94518298,+6594518298,29/05/2022,1850090051,16,SHELL SERANGOON GARDEN
Singapore,7001122326,Cherry,Chan,A,cherry12141994@hotmail.com,97237729,+6597237729,01/10/2020,1850090051,16,SHELL SERANGOON GARDEN
Singapore,7000499250,Wen Gio,Lim,A,lim_wengio@hotmail.com,90223071,+6590223071,23/07/2019,1850090029,16,SHELL PIERCE RESERVOIR
Singapore,7001204113,Cheryl,Koh,A,cherylkohyt@gmail.com,91731166,+6591731166,26/01/2021,1850090029,16,SHELL PIERCE RESERVOIR
Singapore,7001198396,Cheng Wei,Diong,A,cwexei@gmail.com,98212712,+6598212712,29/02/2020,1850090029,16,SHELL PIERCE RESERVOIR
Singapore,7000979463,YEE NEE,TAN,A,yeenee_tan@yahoo.com.sg,6597710465,+6597710465,10/09/2020,1850090029,16,SHELL PIERCE RESERVOIR
Singapore,7001163086,Jeffry,Tjendrawan,A,t.jeffry@gmail.com,6596476760,+6596476760,26/12/2019,1850090029,16,SHELL PIERCE RESERVOIR
Singapore,7001186864,Jason,Hong,A,mouse.jason@gmail.com,82982380,+6582982380,01/04/2020,1850090029,16,SHELL PIERCE RESERVOIR
Singapore,7001220457,Moses,Lau,A,moseslau1988@gmail.com,97503293,+6597503293,18/04/2022,1850090029,16,SHELL PIERCE RESERVOIR
Singapore,7000767549,Lee,Lilian,A,lilianlee19@yahoo.com.sg,6596452322,+6596452322,05/05/2020,1850090029,16,SHELL PIERCE RESERVOIR
Singapore,7001052989,Christine,Soh,A,chris_0611@hotmail.com,6591516691,+6591516691,30/12/2019,1850090029,16,SHELL PIERCE RESERVOIR
Singapore,7000821298,De Ming,Wong,A,deming.wong@gmail.com,91735170,+6591735170,24/07/2019,1850090029,16,SHELL PIERCE RESERVOIR
Singapore,7001186066,Hsueh Wah,Yee,A,yeehw2001@hotmail.com,6598283258,+6598283258,21/05/2022,1850090051,16,SHELL SERANGOON GARDEN
Singapore,7001205453,Bee Lian,Lim,A,Blahlim@yahoo.com.sg,96538882,+6596538882,01/10/2020,1850090029,16,SHELL PIERCE RESERVOIR
Singapore,7000508550,Kai Lun Kenneth,Lim,A,huhuboy@hotmail.com,93376585,+6593376585,05/12/2019,1850090051,16,SHELL SERANGOON GARDEN
Singapore,7001061404,Xin Rong,Ek,A,exr_xinrong@hotmail.com,98246712,+6598246712,14/06/2022,1850090026,16,SHELL PASIR RIS
Singapore,7001196687,Gek Soon,Ek,A,ekeric@yahoo.com.sg,96840649,+6596840649,11/05/2020,1850090026,16,SHELL PASIR RIS
Singapore,7001061309,Izwan,Hosni,A,izwan.dzakie@gmail.com,6592773561,+6592773561,10/03/2022,1850090026,16,SHELL PASIR RIS
Singapore,7001122636,Judy,Han,A,jhanlp@gmail.com,82186950,+6582186950,26/01/2021,1850090026,16,SHELL PASIR RIS
Singapore,7000442038,Wei Yong,Ling,A,hoho03@hotmail.com,83338959,+6583338959,03/06/2020,1850090026,16,SHELL PASIR RIS
Singapore,7000418340,Zheng,Kason,A,kasonzheng@hotmail.com,93207111,+6593207111,14/06/2022,1850090026,16,SHELL PASIR RIS
Singapore,7000605032,Edwin,Tan,A,edwinkx@hotmail.com,88303488,+6588303488,09/03/2022,1850090026,16,SHELL PASIR RIS
Singapore,7001128126,Tiffany,Tay,A,Tiffanytay55@gmail.com,98551622,+6598551622,23/11/2019,1850090026,16,SHELL PASIR RIS
Singapore,7001198496,Thurkayani,Yokiswaran,A,Thurka_yani1996@outlook.com,92434786,+6592434786,06/12/2019,1850090051,16,SHELL SERANGOON GARDEN
Singapore,7000475802,Beryl,Chua,A,berylchua@hotmail.com,97213131,+6597213131,15/10/2019,1850090051,16,SHELL SERANGOON GARDEN
Singapore,7001156260,Serene Xiao Xun,Chia,A,serenity_chia@hotmail.com,97105075,+6597105075,11/10/2019,1850090051,16,SHELL SERANGOON GARDEN
Singapore,7000917686,"Lee Yuen, Serena",Phang,A,love4joypng@gmail.com,+6597898156,+6597898156,15/06/2022,1850090051,16,SHELL SERANGOON GARDEN
Singapore,7001197456,Daphne,Ang,A,daphneymang@gmail.com,92398595,+6592398595,07/02/2020,1850090051,16,SHELL SERANGOON GARDEN
Singapore,7001196252,Ashley,Ang,A,Jenniferang101@gmail.com,81139872,+6581139872,14/11/2019,1850090051,16,SHELL SERANGOON GARDEN
Singapore,7001109336,Mahaeshwarren,Ramasamy,A,mahaesh95@Gmail.com,6593279252,+6593279252,14/10/2019,1850090029,16,SHELL PIERCE RESERVOIR
Singapore,7001193765,elis,ng,A,ericnht@hotmail.com,97469010,+6597469010,26/05/2022,1850090007,16,SHELL CHOA CHU KANG
Singapore,7000501998,Shiew Chee,Chai,A,phillip.chai@gmail.com,94884236,+6594884236,04/02/2020,1850090007,16,SHELL CHOA CHU KANG
Singapore,7000071143,Chin Chye,Soh,A,soh.johnson@gmail.com,97826112,+6597826112,17/06/2020,1850090005,16,SHELL BUKIT PANJANG
Singapore,7001140829,Qing Xian,Lee,A,qingxian0301@hotmail.com,6581185123,+6581185123,20/05/2020,1850090005,16,SHELL BUKIT PANJANG
Singapore,7001122359,Connie,Lim,A,pow_yu2013@yahoo.com.sg,97637416,+6597637416,24/06/2020,1850090004,16,SHELL BUKIT BATOK NP
Singapore,7001211481,Jia wei,Toh,A,Tohjiawei2408@hotmail.com,97889393,+6597889393,05/02/2022,1850090004,16,SHELL BUKIT BATOK NP
Singapore,7000567443,Koh,Yoyo,A,yolander.koh@gmail.com,6594382117,+6594382117,28/03/2022,1850090004,16,SHELL BUKIT BATOK NP
Singapore,7001180242,Jia Xin,Hng,A,academicsexcell@gmail.com,81204529,+6581204529,10/09/2021,1850090016,16,SHELL JALAN AHMAD IBRAHIM
Singapore,7001199442,Joanne,Lee,A,Joanneleexp@yahoo.com,81255337,+6581255337,04/01/2020,1850090007,16,SHELL CHOA CHU KANG
Singapore,7001082404,Cheryl,Koh,A,cherylkoh90@gmail.com,6592779609,+6592779609,16/06/2020,1850090007,16,SHELL CHOA CHU KANG
Singapore,7001202860,Jason,Liew,A,jason.liew@rocketmail.com,91824943,+6591824943,30/04/2020,1850090007,16,SHELL CHOA CHU KANG
Singapore,7000879288,Neow,Swee Fong,A,neowsf@yahoo.com.sg,6590696730,+6590696730,13/01/2022,1850090007,16,SHELL CHOA CHU KANG
Singapore,7001045547,Ming Hui,Cheong,A,carriecheongmh@gmail.com,6583383787,+6583383787,16/06/2022,1850090004,16,SHELL BUKIT BATOK NP
Singapore,7000488807,Lim,Jia Wei,A,mewjw@hotmail.com,91544314,+6591544314,01/05/2022,1850090004,16,SHELL BUKIT BATOK NP
Singapore,7001223346,Nur Azela Binte,Suparman,A,Azypendek@gmail.com,97456852,+6597456852,01/06/2022,1850090007,16,SHELL CHOA CHU KANG
Singapore,7000471715,Pei Ling,Ong,A,jorinong@yahoo.com.sg,6590066034,+6590066034,31/07/2020,1850090007,16,SHELL CHOA CHU KANG
Singapore,7000905719,Tat Hoong,Quan,A,quanth1987@gmail.com,96354670,+6596354670,16/08/2020,1850090007,16,SHELL CHOA CHU KANG
Singapore,7001136344,Shi Yang,Liow,A,shiyang.liow.133@hotmail.com,83391142,+6583391142,13/03/2022,1850090007,16,SHELL CHOA CHU KANG
Singapore,7001120109,Manjie,Wong,A,gapbusterfanatic@gmail.com,91787103,+6591787103,26/04/2022,1850090007,16,SHELL CHOA CHU KANG
Singapore,7001118345,Ananda,Wong,A,cckspotifysharing@gmail.com,98326704,+6598326704,14/06/2022,1850090007,16,SHELL CHOA CHU KANG
Singapore,7001197716,Yi Ting,Ang,A,angyiting90@gmail.com,97221584,+6597221584,16/06/2022,1850090007,16,SHELL CHOA CHU KANG
Singapore,7000880952,Hui Qi,Tay,A,cheeky_piggy36@hotmail.com,90038203,+6590038203,02/06/2020,1850090006,16,SHELL BUKIT TIMAH HILL
Singapore,7001193979,Abigael,Bacolod,A,isabelanika2618@gmail.com,6582330886,+6582330886,25/09/2020,1850090007,16,SHELL CHOA CHU KANG
Singapore,7001202852,Marfoah,Abdullah Fong,A,marfoahfong@gmail.com,06593813118,+656593813118,05/03/2022,1850090007,16,SHELL CHOA CHU KANG
Singapore,7001189757,"Sai Kit, Muhammad Is",Fong,A,fongsaikit62@gmail.com,06596631854,+656596631854,15/06/2022,1850090007,16,SHELL CHOA CHU KANG
Singapore,7001116228,Kendrick,Siow,A,kendricksiow@gmail.com,94557066,+6594557066,15/06/2022,1850090007,16,SHELL CHOA CHU KANG
Singapore,7001195638,Nur Diana,Supardi,A,Nurdianasupardi_87@hotmail.com,96887695,+6596887695,05/12/2021,1850090007,16,SHELL CHOA CHU KANG
Singapore,7001127335,saibolbahri,mohammad lokman,A,semackboy@gmail.com,6598376691,+6598376691,12/06/2022,1850090007,16,SHELL CHOA CHU KANG
Singapore,7001214520,Ibrahim,Fong,A,ibrahimfong7@gmail.com,98758548,+6598758548,14/08/2021,1850090007,16,SHELL CHOA CHU KANG
Singapore,7001213659,Hasan,Rosli,A,metalwolf213@gmail.com,91505862,+6591505862,01/12/2021,1850090007,16,SHELL CHOA CHU KANG
Singapore,7001198011,Anita,Koh,A,Rayank888@ymail.com,6590019854,+6590019854,24/11/2019,1850090007,16,SHELL CHOA CHU KANG
Singapore,7000809592,Wern Lunn,Kueh,A,wernlunn@gmail.com,96436575,+6596436575,01/10/2020,1850090051,16,SHELL SERANGOON GARDEN
Singapore,7001215830,Qin Ling,Ng,A,ngqinling@hotmail.com,6598753542,+6598753542,16/06/2022,1850090051,16,SHELL SERANGOON GARDEN
Singapore,7001137533,Kiong Seng,Khong,A,khongteh@yahoo.com.sg,96281814,+6596281814,14/03/2019,1850090051,16,SHELL SERANGOON GARDEN
Singapore,7000670730,Kenneth,Wee,A,mail.to.gemini@gmail.com,88214466,+6588214466,08/02/2020,1850090051,16,SHELL SERANGOON GARDEN
Singapore,7000656340,Yong Kang,Tan,A,tan.yk89@gmail.com,97288462,+6597288462,01/05/2020,1850090051,16,SHELL SERANGOON GARDEN
Singapore,7001071983,Hui Zhi,Wang,A,wanghuizhi23@hotmail.com,96511383,+6596511383,10/02/2022,1850090051,16,SHELL SERANGOON GARDEN
Singapore,7001054592,Jian Xiang,Ang,A,qasderred@gmail.com,98334926,+6598334926,28/12/2021,1850090051,16,SHELL SERANGOON GARDEN
Singapore,7000565770,Wong,Paul,A,paulwongsh@gmail.com,6591062724,+6591062724,28/10/2020,1850090051,16,SHELL SERANGOON GARDEN
Singapore,7000781840,Jason,Teo,A,jason_teo90@hotmail.com,6598162425,+6598162425,03/03/2021,1850090051,16,SHELL SERANGOON GARDEN
Singapore,7001178202,Seow Ying,Tan,A,ahbe5033@gmail.com,6596275033,+6596275033,01/01/2020,1850090051,16,SHELL SERANGOON GARDEN
Singapore,7001195791,Jacob,Koh,A,Jacob.kohcy@gmail.com,97659295,+6597659295,05/10/2019,1850090051,16,SHELL SERANGOON GARDEN
Singapore,7001162884,Tai Hung,Tan,A,tthutm@gmail.com,6591870792,+6591870792,21/11/2019,1850090051,16,SHELL SERANGOON GARDEN
Singapore,7001018159,JASON,LEE,A,jasonlinares@hotmail.com,91398223,+6591398223,04/08/2020,1850090051,16,SHELL SERANGOON GARDEN
Singapore,7001219673,Wei Yang,Fong,A,wyf1403@gmail.com,6588364940,+6588364940,22/01/2022,1850090049,16,SHELL SIGLAP
Singapore,7001203056,Naveed,Karim,A,nkarim85@gmail.com,91478202,+6591478202,23/04/2020,1850090049,16,SHELL SIGLAP
Singapore,7001206709,Kelvin,Yuen,A,zilver47@gmail.com,6597649321,+6597649321,07/01/2021,1850090049,16,SHELL SIGLAP
Singapore,7000998255,Irene,Tan,A,Irenetan.ufo@mail.com,98469648,+6598469648,21/03/2020,1850090049,16,SHELL SIGLAP
Singapore,7000998241,Kim Sun,Tan,A,tan_susan@hotmail.com,6596947005,+6596947005,27/04/2022,1850090049,16,SHELL SIGLAP
Singapore,7001209582,Tang,CheahWee,A,tcsworksg@gmail.com,6563524589,+6563524589,02/04/2022,1850090048,16,SHELL CHANGI KEMBANGAN
Singapore,7001209654,FA,SIE,A,csfa8812@gmail.com,6523568945,+6523568945,04/04/2022,1850090048,16,SHELL CHANGI KEMBANGAN
Singapore,7001091548,Nermala,Valasupamaniam,A,nermala.1@hotmail.com,82290957,+6582290957,24/11/2019,1850090034,16,SHELL SERANGOON ROAD
Singapore,7001193297,Wei Ping,Tham,A,ptwp.tham@yahoo.com.sg,601111970196,+65601111970196,04/08/2019,1850090051,16,SHELL SERANGOON GARDEN
Singapore,7001193073,Wong,Kar Yan,A,jiaxin025@gmail.com,91883159,+6591883159,15/06/2022,1850090048,16,SHELL CHANGI KEMBANGAN
Singapore,7001196239,Karen,Sum,A,karenssc@gmail.com,6594382606,+6594382606,25/03/2020,1850090051,16,SHELL SERANGOON GARDEN
Singapore,7000113141,Yian Min,Chai,A,imouto222@yahoo.com,94576792,+6594576792,05/07/2021,1850090051,16,SHELL SERANGOON GARDEN
Singapore,7001196393,Roslinda,Mohammed Razi,A,linda.mr73@gmail.com,81135406,+6581135406,15/04/2021,1850090005,16,SHELL BUKIT PANJANG
Singapore,7001196813,YAN YEE,IEK,A,yanyeeiek@gmail.com,96576351,+6596576351,24/05/2022,1850090048,16,SHELL CHANGI KEMBANGAN
Singapore,7001202547,MEI CHIN,TANG,A,Pufferchin@gmail.com,8322873,+658322873,16/06/2020,1850090048,16,SHELL CHANGI KEMBANGAN
Singapore,7000508592,Christian,Immanuel,A,christianimmanuel@yahoo.com,93403406,+6593403406,21/05/2019,1850090048,16,SHELL CHANGI KEMBANGAN
Singapore,7000984697,Yvonne,Kue,A,yvokue@gmail.com,6597270743,+6597270743,16/04/2022,1850090048,16,SHELL CHANGI KEMBANGAN
Singapore,7001122370,narong,chong,A,narong_chong@hotmail.com,6598712582,+6598712582,24/01/2022,1850090048,16,SHELL CHANGI KEMBANGAN
Singapore,7001113519,Pamelia,Soh,A,mspamsoh@gmail.com,6593208510,+6593208510,27/04/2021,1850090048,16,SHELL CHANGI KEMBANGAN
Singapore,7001203498,Fern,Lim,A,lespookycarrotjunior@gmail.com,81386573,+6581386573,02/06/2020,1850090049,16,SHELL SIGLAP
Singapore,7001202214,KOK,WONG,A,ceo.jackwong@gmail.com,6598667446,+6598667446,08/03/2020,1850090048,16,SHELL CHANGI KEMBANGAN
Singapore,7001196612,Hui Sin,Liew,A,huisinliew@gmail.com,83553216,+6583553216,22/10/2019,1850090048,16,SHELL CHANGI KEMBANGAN
Singapore,7000958339,Muhammad Zarif,Muhammad Nazar,A,zack_zarif@hotmail.sg,6592297626,+6592297626,23/11/2019,1850090048,16,SHELL CHANGI KEMBANGAN
Singapore,7001196740,Colin,Wong,A,colinwongcs@yahoo.com.sg,92957170,+6592957170,24/10/2019,1850090048,16,SHELL CHANGI KEMBANGAN
Singapore,7000997862,Michelle,Ang,A,Pinkmist02@hotmail.com,6590275740,+6590275740,01/06/2020,1850090049,16,SHELL SIGLAP
Singapore,7001204908,Kai Wen carol,Ng,A,carol.ng.kw@gmail.com,96622785,+6596622785,12/10/2020,1850090051,16,SHELL SERANGOON GARDEN
Singapore,7001120192,Hui kee,Chin,A,alexakeelove@gmail.com,6596438608,+6596438608,22/01/2020,1850090051,16,SHELL SERANGOON GARDEN
Singapore,7001110122,mike,ng,A,su3tsu3t@gmail.com,94798280,+6594798280,02/10/2020,1850090051,16,SHELL SERANGOON GARDEN
Singapore,7001157760,peishan,wang,A,Peishan.Wang@Gmail.com,90686525,+6590686525,22/05/2020,1850090051,16,SHELL SERANGOON GARDEN
Singapore,7001179947,SM,Lee,A,tokyodrift1308@gmail.com,98283879,+6598283879,24/01/2019,1850090051,16,SHELL SERANGOON GARDEN
Singapore,7001180096,Sheau Tsuey,Wong,A,micsha.mnm4@yahoo.com.sg,91915491,+6591915491,04/03/2021,1850090051,16,SHELL SERANGOON GARDEN
Singapore,7001201208,Marie,Thio,A,mariethiowq@gmail.com,96758871,+6596758871,07/03/2020,1850090051,16,SHELL SERANGOON GARDEN
Singapore,7001210819,Shirley,Tay,A,shirley.talentse@ymail.com,6597849088,+6597849088,09/02/2022,1850090032,16,SHELL SEMBAWANG
Singapore,7001199877,Rebecca,Chua,A,rebeccachuachasin@gmail.com,85331557,+6585331557,31/03/2020,1850090032,16,SHELL SEMBAWANG
Singapore,7000476370,Haw,Sock Bee,A,SuMei_hw@yahoo.com.sg,91895802,+6591895802,09/10/2019,1850090032,16,SHELL SEMBAWANG
Singapore,7001194220,JianHao,Chen,A,alfredchenjh@gmail.com,90701833,+6590701833,21/11/2019,1850090032,16,SHELL SEMBAWANG
Singapore,7001190614,Sharifah Nurayuni,Said Adnan,A,sharifahrayn@gmail.com,83389048,+6583389048,22/05/2019,1850090032,16,SHELL SEMBAWANG
Singapore,7001200066,Ken,CHONG,A,Jason1212211@hotmail.com,6587935257,+6587935257,17/01/2020,1850090032,16,SHELL SEMBAWANG
Singapore,7001200222,Kai Tat Francis,Toh,A,Francis.toh57@gmail.com,006592350233,'+656592350233,08/03/2020,1850090032,16,SHELL SEMBAWANG
Singapore,7001196374,Cristal,Yong,A,yong_qiqi@hotmail.com,83609996,+6583609996,05/01/2020,1850090032,16,SHELL SEMBAWANG
Singapore,7001196157,Cynthia,Zheng,A,Xinthiazheng87@gmail.com,6591848587,+6591848587,05/02/2020,1850090032,16,SHELL SEMBAWANG
Singapore,7001091999,Franky,tan,A,frankytwd@gmail.com,6596719145,+6596719145,28/05/2022,1850090032,16,SHELL SEMBAWANG
Singapore,7001209922,Zhao Rong,Toh,A,serenetohzr@gmail.com,91901715,+6591901715,25/09/2021,1850090032,16,SHELL SEMBAWANG
Singapore,7001167782,Chui Leng,Cheang,A,gan.helen@yahoo.com,97891524,+6597891524,05/04/2022,1850090032,16,SHELL SEMBAWANG
Singapore,7001012990,Jun Wei,Tan,A,junweitan11@gmail.com,90690836,+6590690836,08/06/2020,1850090043,16,SHELL UPPER BUKIT TIMAH PIE
Singapore,7001210860,Ashley,Low,A,yan7435@hotmail.com,92378924,+6592378924,26/05/2022,1850090025,16,SHELL PASIR PANJANG 328
Singapore,7001196944,Aziahtul Nadira,Mohamed Azhar,A,Dhyrra_emiiko@hotmail.com,6587799495,+6587799495,30/10/2019,1850090005,16,SHELL BUKIT PANJANG
Singapore,7001119829,Kin Mun,Yuen,A,primusyuanwj@gmail.com,6596691268,+6596691268,09/12/2019,1850090034,16,SHELL SERANGOON ROAD
Singapore,7001193605,Deepa,Maniam,A,wintergirl40@hotmail.com,6592378734,+6592378734,28/05/2022,1850090020,16,SHELL MOULMEIN
Singapore,7001196613,Samantha,Lee,A,samanthalee0604@outlook.com,87332207,+6587332207,24/11/2019,1850090020,16,SHELL MOULMEIN
Singapore,7000561905,Li Lian,Ong,A,lilian.ong16@yahoo.com.sg,6598787097,+6598787097,10/09/2021,1850090051,16,SHELL SERANGOON GARDEN
Singapore,7001203182,Soo Chern,Chee,A,Hatsfih@yahoo.com.sg,6597636821,+6597636821,30/06/2020,1850090051,16,SHELL SERANGOON GARDEN
Singapore,7001209923,Beatrice,Lim,A,Dolphinbee@gmail.com,81210365,+6581210365,07/06/2022,1850090051,16,SHELL SERANGOON GARDEN
Singapore,7001209938,LEON,LIM,A,mirageray@gmail.com,98569852,+6598569852,11/07/2021,1850090051,16,SHELL SERANGOON GARDEN
Singapore,7001209765,Jia Xuan,Tim,A,elizatjx@hotmail.com,63952650,+6563952650,15/06/2022,1850090051,16,SHELL SERANGOON GARDEN
Singapore,7001180615,Loong Hin,Yong,A,yonglh@live.com,6581286065,+6581286065,09/06/2022,1850090053,16,SHELL BUKIT BATOK ROAD
Singapore,7001180528,Wei Ling,Tan,A,tanwl1@yahoo.com.sg,6582992694,+6582992694,07/06/2022,1850090053,16,SHELL BUKIT BATOK ROAD
Singapore,7001215464,Michelle,Lim,A,michellellyf@gmail.com,81183253,+6581183253,27/09/2021,1850090053,16,SHELL BUKIT BATOK ROAD
Singapore,7001196168,Madelyn,Yeo,A,Madelyn.hs.yeo@gmail.com,6581630151,+6581630151,21/11/2019,1850090053,16,SHELL BUKIT BATOK ROAD
Singapore,7001196233,Lim,Paul,A,lim.paul@yahoo.com.sg,6592378688,+6592378688,05/12/2019,1850090039,16,SHELL TELOK BLANGAH
Singapore,7000479866,Karen,Lim,A,redhead1976@hotmail.com,90177969,+6590177969,21/04/2020,1850090039,16,SHELL TELOK BLANGAH
Singapore,7001218974,Patmanaban,Gopal,A,patmanaban.seetha@gmail.com,90120648,+6590120648,06/01/2022,1850090039,16,SHELL TELOK BLANGAH
Singapore,7001191166,James,Oh,A,jamesohjx@gmail.com,98502099,+6598502099,17/06/2019,1850090032,16,SHELL SEMBAWANG
Singapore,7000836540,Terry,Tan,A,Terrytan88@gmail.com,91471764,+6591471764,08/01/2020,1850090032,16,SHELL SEMBAWANG
Singapore,7001202720,Cai jun,Koo,A,Paulinekoo1981@gmail.com,6596943733,+6596943733,01/05/2020,1850090032,16,SHELL SEMBAWANG
Singapore,7000123431,Li Yun,Zhuo,A,liyun86@hotmail.com,98805636,+6598805636,22/02/2020,1850090032,16,SHELL SEMBAWANG
Singapore,7001196454,Baoyan,Xu,A,byire@hotmail.com,81119035,+6581119035,19/10/2019,1850090034,16,SHELL SERANGOON ROAD
Singapore,7001196608,Alina Hui yan,Phang,A,Alinaphanghy@gmail.com,91087712,+6591087712,22/10/2019,1850090034,16,SHELL SERANGOON ROAD
Singapore,7001122296,Jeannie,Ko,A,bkjw2706@gmail.com,81586675,+6581586675,02/09/2020,1850090039,16,SHELL TELOK BLANGAH
Singapore,7000848128,Sue Yee,Lai,A,laisueyee@gmail.com,92309310,+6592309310,30/04/2020,1850090005,16,SHELL BUKIT PANJANG
Singapore,7001187434,betty anizah,lee,A,oscarmysteryshopper@gmail.com,87186015,+6587186015,15/07/2019,1850090034,16,SHELL SERANGOON ROAD
Singapore,7000581454,Tony,Loon,A,tony_loon2003@yahoo.com.sg,98289912,+6598289912,06/01/2022,1850090034,16,SHELL SERANGOON ROAD
Singapore,7000721410,Lance,Chua,A,lance.chua@gmail.com,97917906,+6597917906,26/04/2019,1850090034,16,SHELL SERANGOON ROAD
Singapore,7001016363,Su Wei,Ng,A,tomboy_sw@hotmail.com,98520396,+6598520396,10/03/2022,1850090034,16,SHELL SERANGOON ROAD
Singapore,7001197125,Beh,Hui Koon,A,grace.beh@gmail.com,97389298,+6597389298,02/11/2019,1850090034,16,SHELL SERANGOON ROAD
Singapore,7001213126,Paul,Lee,A,eosfoto@gmail.com,87488077,+6587488077,17/07/2021,1850090034,16,SHELL SERANGOON ROAD
Singapore,7001104191,Teck Chong,Tan,A,jonntan1314@gmail.com,94314078,+6594314078,26/12/2021,1850090039,16,SHELL TELOK BLANGAH
Singapore,7001053012,Tommy,Leo,A,tommyleo86@gmail.com,86669536,+6586669536,04/05/2020,1850090039,16,SHELL TELOK BLANGAH
Singapore,7001029969,Yuet Pheng,Loh,A,phengy_loh@hotmail.com,6596956108,+6596956108,04/05/2020,1850090039,16,SHELL TELOK BLANGAH
Singapore,7000490281,Low,Li Lian,A,lllow235@gmail.com,97317359,+6597317359,25/05/2022,1850090039,16,SHELL TELOK BLANGAH
Singapore,7001222162,TING,VICENT,A,huangannie59@gmail.com,93642956,+6593642956,20/04/2022,1850090039,16,SHELL TELOK BLANGAH
Singapore,7001197249,Claire Wai Mar,Oo,A,Claire.wm@gmail.com,6596247002,+6596247002,01/12/2020,1850090039,16,SHELL TELOK BLANGAH
Singapore,7001196238,Peggy,Koh,A,simpissue@gmail.com,6591889737,+6591889737,02/05/2021,1850090039,16,SHELL TELOK BLANGAH
Singapore,7001192389,Chui ling,Wong,A,huangkurisu@gmail.com,6598989218,+6598989218,18/05/2021,1850090039,16,SHELL TELOK BLANGAH
Singapore,7001196379,Ray,Wong,A,shionsosei@gmail.com,97368403,+6597368403,05/11/2019,1850090039,16,SHELL TELOK BLANGAH
Singapore,7000512246,Cindee,Ho,A,dee_uk87@hotmail.com,96639893,+6596639893,01/09/2020,1850090039,16,SHELL TELOK BLANGAH
Singapore,7001220030,Jihyun,Hong,A,Jhphong@gmail.com,98285136,+6598285136,08/03/2022,1850090039,16,SHELL TELOK BLANGAH
Singapore,7001213752,Vinol Joy,Dsouza,A,vinoljoy@gmail.com,82622106,+6582622106,11/06/2022,1850090039,16,SHELL TELOK BLANGAH
Singapore,7001039834,Kwee Keng,Qauh,A,snowymaxxum@gmail.com,97605600,+6597605600,03/01/2020,1850090039,16,SHELL TELOK BLANGAH
Singapore,7001196428,LI KEONG,QUAH,A,LIQUAH89@GMAIL.COM,006582559761,'+656582559761,13/06/2022,1850090039,16,SHELL TELOK BLANGAH
Singapore,7000970810,Beng Hui,Hong,A,hannahbh.hong@gmail.com,6597723209,+6597723209,08/12/2021,1850090039,16,SHELL TELOK BLANGAH
Singapore,7000892093,Esther,Quek,A,estiquelyqk@gmail.com,6581202188,+6581202188,04/03/2020,1850090039,16,SHELL TELOK BLANGAH
Singapore,7001203044,ZI XIANG,CHEE,A,eraivanchee@gmail.com,6590271482,+6590271482,06/05/2020,1850090039,16,SHELL TELOK BLANGAH
Singapore,7001196888,Hweiling,Yuen,A,Nlsyhl@gmail.com,6594799970,+6594799970,05/01/2020,1850090051,16,SHELL SERANGOON GARDEN
Singapore,7001196178,Andrew,Tan,A,andrew-tan81@hotmail.com,6596877532,+6596877532,14/10/2019,1850090032,16,SHELL SEMBAWANG
Singapore,7001144781,Wei Feng,Chang,A,ch.weifeng@gmail.com,81183915,+6581183915,01/03/2019,1850090032,16,SHELL SEMBAWANG
Singapore,7001221001,Wei Chong,Wee,A,weicong661987@gmail.com,6597954686,+6597954686,29/04/2022,1850090053,16,SHELL BUKIT BATOK ROAD
Singapore,7001199211,Norashikin,Jaffar,A,shikin.jaf@outlook.com,6588094349,+6588094349,03/06/2020,1850090053,16,SHELL BUKIT BATOK ROAD
Singapore,7001085545,BERLIN,BAGARINAO,A,belle072189@gmail.com,09216709853,+659216709853,15/03/2022,1850090053,16,SHELL BUKIT BATOK ROAD
Singapore,7000643269,Tan,Hui Hui,A,thuihui89@gmail.com,82019060,+6582019060,28/03/2022,1850090004,16,SHELL BUKIT BATOK NP
Singapore,7000614988,lim,kok siang darren,A,limkoksiang@hotmail.com,91705680,+6591705680,09/08/2020,1850090053,16,SHELL BUKIT BATOK ROAD
Singapore,7001187289,Andrew,Attenborough,A,andrew_Attenborough@live.com,83832963,+6583832963,05/03/2019,1850090053,16,SHELL BUKIT BATOK ROAD
Singapore,7001183717,Yung Chieng,Liong,A,lesylvia@hotmail.com,83338201,+6583338201,21/01/2019,1850090053,16,SHELL BUKIT BATOK ROAD
Singapore,6500738,Choon Ming,Loo,A,junming@yahoo.com,97836790,+6597836790,18/06/2020,1850090032,16,SHELL SEMBAWANG
Singapore,7000855573,Shoo,Michelle,A,mhuimin@live.com,6581232369,+6581232369,12/04/2022,1850090032,16,SHELL SEMBAWANG
Singapore,7001171466,Sze Peh,Tan,A,sze_peh90613@hotmail.com,6590601834,+6590601834,28/01/2020,1850090032,16,SHELL SEMBAWANG
Singapore,7001209803,Yingting,Chen,A,chensharlotte@icloud.com,6583398983,+6583398983,07/05/2021,1850090053,16,SHELL BUKIT BATOK ROAD
Singapore,7000305154,Eeca,Goh,A,eecagoh@yahoo.com.sg,82228918,+6582228918,13/05/2022,1850090053,16,SHELL BUKIT BATOK ROAD
Singapore,7000260342,Pui Peck,Fong,A,lindafpp@gmail.com,87541301,+6587541301,12/08/2021,1850090053,16,SHELL BUKIT BATOK ROAD
Singapore,7000996791,May,Loh,A,lohmc59@yahoo.com.sg,98645133,+6598645133,16/06/2022,1850090053,16,SHELL BUKIT BATOK ROAD
Singapore,7001180709,Annsley,Wong,A,pure_love@hotmail.com,6590087418,+6590087418,25/03/2022,1850090053,16,SHELL BUKIT BATOK ROAD
Singapore,7001157448,Jia Ying,Tan,A,jj_djuice@yahoo.com.sg,6596498710,+6596498710,10/08/2020,1850090053,16,SHELL BUKIT BATOK ROAD
Singapore,7001202167,Wing Keong,Mak,A,solarative@gmail.com,98189477,+6598189477,08/03/2020,1850090053,16,SHELL BUKIT BATOK ROAD
Singapore,7000260335,Fong,Kin Fai,A,mosmos77@gmail.com,97831772,+6597831772,16/06/2022,1850090053,16,SHELL BUKIT BATOK ROAD
Singapore,7001192290,Elias,Yeo,A,ilovesushi068@gmail.com,90905793,+6590905793,03/02/2022,1850090053,16,SHELL BUKIT BATOK ROAD
Singapore,7001135705,pei shan,phua,A,phuashanny@gmail.com,91717684,+6591717684,16/06/2020,1850090032,16,SHELL SEMBAWANG
Singapore,7000376626,Hui Jing,Chin,A,kimberchin@hotmail.com,83334992,+6583334992,01/07/2021,1850090032,16,SHELL SEMBAWANG
Singapore,7001196181,Mohd Halim,Ahmad,A,halim79sg@gmail.com,92324439,+6592324439,08/04/2020,1850090032,16,SHELL SEMBAWANG
Singapore,7001072263,keat heng,lim,A,jie_imp@hotmail.com,86258970,+6586258970,01/05/2020,1850090032,16,SHELL SEMBAWANG
Singapore,7001164703,Lowell,Loo Chi Kuang,A,lowell.geemail@gmail.com,6588228634,+6588228634,20/03/2021,1850090032,16,SHELL SEMBAWANG
Singapore,7001209793,Noelle,Toh,A,contact@noellemikazuki.com,6588624403,+6588624403,14/06/2022,1850090032,16,SHELL SEMBAWANG
Singapore,7001186236,Tat Tian,Loh,A,foreverone87@gmail.com,91729968,+6591729968,31/12/2021,1850090016,16,SHELL JALAN AHMAD IBRAHIM
Singapore,7001197040,Irene,Goh,A,jewelsimjy@gmail.com,94555321,+6594555321,02/12/2021,1850090016,16,SHELL JALAN AHMAD IBRAHIM
Singapore,7001144808,Evelyn,Choy,A,snow_hazel88@hotmail.com,98197130,+6598197130,31/12/2021,1850090016,16,SHELL JALAN AHMAD IBRAHIM
Singapore,7001155300,Hui Xian,Wong,A,wonghuixian@gmail.com,6585586008,+6585586008,14/06/2022,1850090016,16,SHELL JALAN AHMAD IBRAHIM
Singapore,7001201538,Warlton,Chua,A,Warlton.chua@gmail.com,96622821,+6596622821,03/01/2022,1850090016,16,SHELL JALAN AHMAD IBRAHIM
Singapore,7001192420,Seok Fun,Chan,A,jjcsfjj@yahoo.com,6598287836,+6598287836,09/07/2019,1850090016,16,SHELL JALAN AHMAD IBRAHIM
Singapore,7001197081,Godfrey,Tay,A,godfreytay90@gmail.com,6583639379,+6583639379,14/11/2019,1850090032,16,SHELL SEMBAWANG
Singapore,7001209880,Hwee Yee,Kho,A,khweey78@gmail.com,6584827556,+6584827556,19/07/2021,1850090043,16,SHELL UPPER BUKIT TIMAH PIE
Singapore,7001070118,Hummairah,Aziz,A,mymymyrah@gmail.com,83850000,+6583850000,30/12/2019,1850090032,16,SHELL SEMBAWANG
Singapore,7001199943,Nicuz,Ong,A,nicuz.ong@gmail.com,83210123,+6583210123,05/07/2021,1850090032,16,SHELL SEMBAWANG
Singapore,7001031577,hongqing,Chia,A,ahqing91@hotmail.com,6591688553,+6591688553,24/03/2021,1850090032,16,SHELL SEMBAWANG
Singapore,7000510753,Eugene,Lum,A,sarabaz@yahoo.com,92983345,+6592983345,28/10/2019,1850090053,16,SHELL BUKIT BATOK ROAD
Singapore,7001197225,Fern nee,Cheng,A,sg.career@gmail.com,87481680,+6587481680,23/10/2021,1850090029,16,SHELL PIERCE RESERVOIR
Singapore,7001125730,Lai Chun Karen,Tsang,A,karen28241020@gmail.com,96701894,+6596701894,16/11/2019,1850090029,16,SHELL PIERCE RESERVOIR
Singapore,7001158650,Valencia,Chan,A,Valenciaccy@gmail.com,6590069345,+6590069345,04/02/2022,1850090010,16,SHELL DUNEARN UNIVERSITY
Singapore,7001177130,Priscilla,Ong,A,prisfuxi@gmail.com,6596938618,+6596938618,22/05/2020,1850090025,16,SHELL PASIR PANJANG 328
Singapore,7001055718,Teck Chun,Wong,A,lewince312@gmail.com,6591073056,+6591073056,16/06/2022,1850090025,16,SHELL PASIR PANJANG 328
Singapore,7001196377,Natasha,A K,A,natasha.abdulkarim@yahoo.com,6587939952,+6587939952,21/10/2019,1850090032,16,SHELL SEMBAWANG
Singapore,7001104556,Shahfiq,syed johari,A,shahfiq87@gmail.com,91455924,+6591455924,18/05/2020,1850090032,16,SHELL SEMBAWANG
Singapore,7001098676,Jessica,Bacunawa,A,witty_jessica@yahoo.com,97763746,+6597763746,29/11/2019,1850090032,16,SHELL SEMBAWANG
Singapore,7001193573,Karry,Hong,A,Karenahonghq@gmail.com,6582184548,+6582184548,08/08/2019,1850090032,16,SHELL SEMBAWANG
Singapore,7001190017,Charine,Yeap,A,Yeap.charine@gmail.com,6590606199,+6590606199,05/05/2019,1850090009,16,SHELL DUNEARN ENG NEO
Singapore,7001196195,Salihuddyn,Bin Mohamed Rasid,A,Saliupin444@gmail.com,6584288661,+6584288661,19/11/2019,1850090025,16,SHELL PASIR PANJANG 328
Singapore,7001175389,E�leen,Lau,A,eleenlau@yahoo.com.sg,6581182840,+6581182840,04/02/2022,1850090025,16,SHELL PASIR PANJANG 328
Singapore,7000495277,Kui Ho,Shek,A,askh52@hotmail.com,6590088238,+6590088238,24/05/2022,1850090025,16,SHELL PASIR PANJANG 328
Singapore,7001201592,Eric Kia Hoe,Goh,A,ericgkh@gmail.com,6598266589,+6598266589,14/06/2022,1850090043,16,SHELL UPPER BUKIT TIMAH PIE
Singapore,7001180616,Yee Teng,Liew,A,kiwi.liew@hotmail.com,6581970650,+6581970650,15/10/2020,1850090043,16,SHELL UPPER BUKIT TIMAH PIE
Singapore,7001207820,Yuan Sheng,Ng,A,yuansheng.nys@gmail.com,97579768,+6597579768,31/07/2021,1850090025,16,SHELL PASIR PANJANG 328
Singapore,7000244341,Hui Hua,Yong,A,rondosky@yahoo.com,98564587,+6598564587,16/06/2020,1850090025,16,SHELL PASIR PANJANG 328
Singapore,7001021065,Narendran,Jayaraman,A,narengai@gmail.com,006591196434,'+656591196434,10/08/2020,1850090052,16,SHELL WOODLANDS AVE 9
Singapore,7001157664,Christopher,Chia,A,kamiyakaze@gmail.com,96993836,+6596993836,30/03/2020,1850090052,16,SHELL WOODLANDS AVE 9
Singapore,7001170743,PEI XIAN,LIM,A,shootingstars95110@gmail.com,94661026,+6594661026,22/02/2020,1850090032,16,SHELL SEMBAWANG
Singapore,7001183857,Yoke ying,Tan,A,jkcrystal310211@gmail.com,6597355395,+6597355395,15/08/2019,1850090032,16,SHELL SEMBAWANG
Singapore,7001209805,Wan Qing,Ooi,A,summerooi05@gmail.com,96487558,+6596487558,23/11/2021,1850090032,16,SHELL SEMBAWANG
Singapore,7001219385,Franny Pei Kee,Koh,A,Frannykoh@yahoo.com,6591918167,+6591918167,04/02/2022,1850090032,16,SHELL SEMBAWANG
Singapore,7000647932,Ong,Geok Lin,A,onggl1951@gmail.com,98583259,+6598583259,06/06/2022,1850090032,16,SHELL SEMBAWANG
Singapore,7000647531,Ong,Calson,A,edongyh@gmail.com,98583259,+6598583259,04/05/2020,1850090032,16,SHELL SEMBAWANG
Singapore,7000729349,martina,emrin,A,artz_18@yahoo.com,82026644,+6582026644,26/04/2019,1850090052,16,SHELL WOODLANDS AVE 9
Singapore,7000874100,Sharifah,Ariffin,A,glitteryangels@gmail.com,92224463,+6592224463,24/11/2021,1850090052,16,SHELL WOODLANDS AVE 9
Singapore,7001199659,Amira,Suyuti,A,amira.suyuti@gmail.com,84999415,+6584999415,22/02/2020,1850090052,16,SHELL WOODLANDS AVE 9
Singapore,7001198362,Ophelia,Toh,A,opheliatoh@yahoo.com.sg,6597497132,+6597497132,03/12/2019,1850090052,16,SHELL WOODLANDS AVE 9
Singapore,7001174771,Glory,Hnin,A,hnin_hnin_ag@hotmail.com,006596327742,'+656596327742,08/01/2020,1850090052,16,SHELL WOODLANDS AVE 9
Singapore,7001218848,Huang,Xiaoming,A,sgtoy88@gmail.com,82003969,+6582003969,15/06/2022,1850090032,16,SHELL SEMBAWANG
Singapore,7001053128,Amber,Ting,A,ambertiluv@gmail.com,97592667,+6597592667,04/05/2020,1850090007,16,SHELL CHOA CHU KANG
Singapore,7001210038,Felicia,Fong,A,feliciafsl@gmail.com,82222094,+6582222094,08/03/2021,1850090007,16,SHELL CHOA CHU KANG
Singapore,7000909949,pey shyuan,seow,A,euphony2010@gmail.com,6581120933,+6581120933,06/12/2021,1850090004,16,SHELL BUKIT BATOK NP
Singapore,7000047760,Ek Hua Brandon,Beh,A,brandonbeh@gmail.com,96869919,+6596869919,31/10/2020,1850090045,16,SHELL WOODLANDS MANDAI
Singapore,7001103581,Wong,Davin,A,davinwonggap@gmail.com,91756320,+6591756320,15/10/2019,1850090007,16,SHELL CHOA CHU KANG
Singapore,7001196158,Kai Hoe,Mak,A,mkh3434@yahoo.com.sg,6598288339,+6598288339,29/03/2020,1850090045,16,SHELL WOODLANDS MANDAI
Singapore,7001195254,emi,wong,A,emilia_whc@hotmail.com,6581289148,+6581289148,07/08/2020,1850090005,16,SHELL BUKIT PANJANG
Singapore,7001144977,Malcolm,Yeo,A,Mal.yeo@gmail.com,90059874,+6590059874,21/02/2019,1850090005,16,SHELL BUKIT PANJANG
Singapore,7000951576,Moon Yee,Wong,A,wongmoonyee@yahoo.com,6596987837,+6596987837,08/01/2020,1850090005,16,SHELL BUKIT PANJANG
