Shopper_Code,First_Name,SMS,AssnNo_1,Pay_1,SiteName_1
7000852154,Nat,+61432304080,1858730052,20.5,SHELL AVOCA
7000515790,John,+61439636804,1858840626,25.5,SHELL COLES EXPRESS KIALLA
7000482828,Edwina,+61439636804,1858840626,25.5,SHELL COLES EXPRESS KIALLA
7001193849,Amanda,+61400048501,1858730072,25.5,SHELL TEMORA
7000847827,Jan,+61422785017,1858730229,30.5,SHELL LISMORE
7001189988,Zaffer Imran,+61470032924,1858730024,25.5,SHELL BANNOCKBURN
7000017472,Emma,+61419 510 602,1858730197,25.5,SHELL WOORI YALLOCK
7001167435,Giovannina,+61433886513,1858730082,20.5,SHELL LANCEFIELD
7000881621,Janelle,+61422046620,1858730082,20.5,SHELL LANCEFIELD
7001117616,Damien,+61428535282,1858730082,20.5,SHELL LANCEFIELD
7001226876,Taranbir singh,+61469555894,1858730197,25.5,SHELL WOORI YALLOCK
7000888979,Trusha,+61433991422,1858730024,25.5,SHELL BANNOCKBURN
7001190705,Mohamed Riyasdeen,+61470657881,1858730024,25.5,SHELL BANNOCKBURN
7000699242,keith,+61447499551,1858730082,20.5,SHELL LANCEFIELD
7001196299,Sagar,+61425649715,1858730082,20.5,SHELL LANCEFIELD
3322043,Michelle,+61410 792 411,1858730007,25.5,SHELL JUNEE
7001220489,Michael,+61481226889,1858730263,30.5,SHELL GIDGEGANNUP
7001227307,Daniel,+61430024700,1858730024,25.5,SHELL BANNOCKBURN
4400014936,Ingrid,+61478564486,1858730024,25.5,SHELL BANNOCKBURN
7000061927,Jane,+61417509590,1858730081,20,SHELL COLAC
7000022460,Kirsteen,+61416280751,1858730024,25.5,SHELL BANNOCKBURN
7000005555,Vikki,+61429391358,1858730227,25.5,SHELL MORTLAKE
7000891422,Don,+61412559628,1858730197,25.5,SHELL WOORI YALLOCK
7001178174,Risa,+61404932411,1858730197,25.5,SHELL WOORI YALLOCK
7001123977,abbas hussain naqvi,+61451192254,1858730197,25.5,SHELL WOORI YALLOCK
7001106610,Yoon,+61403172552,1858730197,25.5,SHELL WOORI YALLOCK
7000775923,Matthew,+61404579508,1858730197,25.5,SHELL WOORI YALLOCK
7001167077,Narelle,+61431419866,1858730197,25.5,SHELL WOORI YALLOCK
7001211490,Karla,+61466585156,1858730082,20.5,SHELL LANCEFIELD
7000508178,Kevin,+61420960987,1858840647,30.5,SHELL COLES EXPRESS NORTHAM
7001031118,Michael,+61438824261,1858730037,25.5,SHELL YOUNG
7001156043,Gail,+61418299256,1858730030,20.5,SHELL CHITTERING
7001141981,Shulamith,+61408806622,1858730030,20.5,SHELL CHITTERING
7001211473,Chris,+61410053123,1858730263,30.5,SHELL GIDGEGANNUP
7000897598,Sandra,+61400064925,1858730263,30.5,SHELL GIDGEGANNUP
7001149661,Diana,+61419938453,1858730263,30.5,SHELL GIDGEGANNUP
7001196499,Lily,+61424075088,1858730263,30.5,SHELL GIDGEGANNUP
7000630965,Cha-Lin,+61405797808,1858730263,30.5,SHELL GIDGEGANNUP
7000658484,Ashish,+61401186869,1858730263,30.5,SHELL GIDGEGANNUP
7000832144,Wendy,+61409313396,1858730263,30.5,SHELL GIDGEGANNUP
7001198677,Carrie,+61468849811,1858730263,30.5,SHELL GIDGEGANNUP
7000859047,Hilary,+61406531405,1858730263,30.5,SHELL GIDGEGANNUP
7000407101,Jacky,+61418906006,1858730263,30.5,SHELL GIDGEGANNUP
7000418331,Abhinav,+61413652861,1858730263,30.5,SHELL GIDGEGANNUP
7000496303,Rochelle,+61413005560,1858730263,30.5,SHELL GIDGEGANNUP
7000807875,Melissa,+61433528315,1858730263,30.5,SHELL GIDGEGANNUP
7000810488,Aparna,+61430380406,1858730263,30.5,SHELL GIDGEGANNUP
7000702500,Neilson,+61400060523,1858730263,30.5,SHELL GIDGEGANNUP
7001036673,Grahame,+61400064925,1858730263,30.5,SHELL GIDGEGANNUP
7000279523,Adam,+61412128206,1858730263,30.5,SHELL GIDGEGANNUP
7001218275,Andrew,+61480301530,1858730263,30.5,SHELL GIDGEGANNUP
7001181549,Heather,+61430727882,1858730263,30.5,SHELL GIDGEGANNUP
7001147100,Ka-Chi,+61403900551,1858730197,25.5,SHELL WOORI YALLOCK
7000005676,Bev,+61423 125 047,1858730197,25.5,SHELL WOORI YALLOCK
7001224748,Ying,+61402517471,1858730197,25.5,SHELL WOORI YALLOCK
7001027977,Annette,+61421301730,1858730197,25.5,SHELL WOORI YALLOCK
7001187661,Sameera,+61468367561,1858730197,25.5,SHELL WOORI YALLOCK
7001123195,Horace,+61413188898,1858730197,25.5,SHELL WOORI YALLOCK
7001225636,Nisa,+61435194188,1858730197,25.5,SHELL WOORI YALLOCK
7001196959,Ritika,+61421222666,1858730197,25.5,SHELL WOORI YALLOCK
7000890381,li,+61439340890,1858730197,25.5,SHELL WOORI YALLOCK
7001185447,Niraj,+61429845367,1858730197,25.5,SHELL WOORI YALLOCK
7001223273,Kim,+61409410052,1858730197,25.5,SHELL WOORI YALLOCK
7000049904,Stephen,+61451 513349,1858730197,25.5,SHELL WOORI YALLOCK
7000458981,Himanshu,+61433178972,1858730197,25.5,SHELL WOORI YALLOCK
7000002676,Dale,+61411 412 564,1858730197,25.5,SHELL WOORI YALLOCK
7001095148,Ben,+61438543588,1858730197,25.5,SHELL WOORI YALLOCK
7001210154,Jiyeon,+61425555970,1858730197,25.5,SHELL WOORI YALLOCK
7001039977,rebecca,+61418472936,1858840221,25.5,SHELL COLES EXPRESS WYALONG
7000478868,Ebony,+61438896234,1858730024,25.5,SHELL BANNOCKBURN
7001218689,Jolevski,+61474511833,1858730197,25.5,SHELL WOORI YALLOCK
7001038870,Sonja,+61407887433,1858730197,25.5,SHELL WOORI YALLOCK
7001058586,Naveen,+61411593725,1858730005,25.5,SHELL BRAIDWOOD
7000621302,Calvin,+61403318269,1858730197,25.5,SHELL WOORI YALLOCK
7001222532,Clare,+61413456196,1858730197,25.5,SHELL WOORI YALLOCK
7001224738,Sau Fun,+61414085453,1858730197,25.5,SHELL WOORI YALLOCK
7001004322,Robert,+61458393567,1858730024,25.5,SHELL BANNOCKBURN
7000900242,Diane,+61458393567,1858730024,25.5,SHELL BANNOCKBURN
7001055939,swetha,+61422564175,1858730005,25.5,SHELL BRAIDWOOD
7000815966,Yvonne,+61413317174,1858730024,25.5,SHELL BANNOCKBURN
7000756351,pat,+61422000130,1858730197,25.5,SHELL WOORI YALLOCK
7001051590,Ravirala,+61438192989,1858730197,25.5,SHELL WOORI YALLOCK
7000062761,Louise,+61424 805 942,1858730132,25.5,SHELL FINLEY
7001226271,Anne,+61429419216,1858730132,25.5,SHELL FINLEY
7001197266,Chi Trung,+61433753584,1858840313,20.5,SHELL COLES EXPRESS GATTON
7001223080,Laurene,+61452642301,1858840313,20.5,SHELL COLES EXPRESS GATTON
7001091324,Raymond,+61474312079,1858840313,20.5,SHELL COLES EXPRESS GATTON
7000552080,Judy,+61414714477,1858730005,25.5,SHELL BRAIDWOOD
7000766910,Mamun,+61422 158 432,1858730005,25.5,SHELL BRAIDWOOD
7000899433,Angela,+61403056297,1858730267,30.5,SHELL TOODYAY ROADHOUSE
7000600858,KAREN,+61428447479,1858840104,20.5,SHELL COLES EXPRESS ALBANY ORANA
7001202876,Sarah,+61456165066,1858730263,30.5,SHELL GIDGEGANNUP
7001157520,Michael,+61400662999,1858730197,25.5,SHELL WOORI YALLOCK
7001133117,Necha,+61439918030,1858730197,25.5,SHELL WOORI YALLOCK
7000017808,shanelle,+61,1858730197,25.5,SHELL WOORI YALLOCK
7000968157,zoe,+61435202471,1858730197,25.5,SHELL WOORI YALLOCK
7000004421,Shelley,+61409 135 472,1858840626,25.5,SHELL COLES EXPRESS KIALLA
7000607233,Fox,+61425205018,1858730197,25.5,SHELL WOORI YALLOCK
7000933970,Michelle,+61411607280,1858730197,25.5,SHELL WOORI YALLOCK
7000074753,Susan,+61412368556,1858840626,25.5,SHELL COLES EXPRESS KIALLA
7001164564,Shayne,+61430037772,1858730197,25.5,SHELL WOORI YALLOCK
7000080433,John,+61407 175 095,1858730197,25.5,SHELL WOORI YALLOCK
7000726351,wijekoon,+61430561895,1858730197,25.5,SHELL WOORI YALLOCK
7000732382,Leesa,+61411665283,1858730197,25.5,SHELL WOORI YALLOCK
7001219018,Erica,+61411732630,1858730197,25.5,SHELL WOORI YALLOCK
7001126355,Carolina,+61419118142,1858730197,25.5,SHELL WOORI YALLOCK
7000480375,Adina,+61401 392 594,1858730197,25.5,SHELL WOORI YALLOCK
7000495949,Robyn,+61402933394,1858730197,25.5,SHELL WOORI YALLOCK
7001152012,Su Rong,+61432718245,1858730197,25.5,SHELL WOORI YALLOCK
7001022034,Nicole,+61424086150,1858730005,25.5,SHELL BRAIDWOOD
7000029785,Corinne,+61417 012 894,1858730195,25.5,SHELL BRIGHT
7000072886,James,+61422 411 240,1858730148,20.5,SHELL HATTON VALE
301156,Stephen,+61418 883 919,1858730148,20.5,SHELL HATTON VALE
7000718577,Simone,+61407648084,1858730148,20.5,SHELL HATTON VALE
7000236063,Vivian,+61430130106,1858730148,20.5,SHELL HATTON VALE
7000130622,Colleen,+61410 410 666,1858730148,20.5,SHELL HATTON VALE
7000922017,helen,+61412630805,1858730148,20.5,SHELL HATTON VALE
7001151271,ian,+61437785636,1858730148,20.5,SHELL HATTON VALE
7001138426,Janelle,+61481331215,1858730148,20.5,SHELL HATTON VALE
7001192464,Hao-Feng,+61450288693,1858730148,20.5,SHELL HATTON VALE
7001225079,Fiona,+61433096676,1858730148,20.5,SHELL HATTON VALE
7001223638,Harsh,+61415660409,1858730148,20.5,SHELL HATTON VALE
7001219320,Chanelle,+61410573395,1858730148,20.5,SHELL HATTON VALE
7000873786,Ramandeep,+61,1858730148,20.5,SHELL HATTON VALE
7000890406,Kim,+61409622756,1858730148,20.5,SHELL HATTON VALE
7000580811,Karen,+61421692436,1858730148,20.5,SHELL HATTON VALE
7001108987,Sally,+61412320810,1858730148,20.5,SHELL HATTON VALE
7001196618,David,+61448848963,1858730148,20.5,SHELL HATTON VALE
7001194034,Sikta,+61401309805,1858730148,20.5,SHELL HATTON VALE
7001178255,Zhen Lin Damien,+61420767710,1858730148,20.5,SHELL HATTON VALE
7001182482,Jesslyn,+61433963447,1858730148,20.5,SHELL HATTON VALE
7000541106,Patricia,+61410677752,1858730148,20.5,SHELL HATTON VALE
7000820345,Kelly,+61409275092,1858730148,20.5,SHELL HATTON VALE
7000486924,Jennie,+61402441940,1858730148,20.5,SHELL HATTON VALE
7000326541,Joanne,+61412 153 282,1858730148,20.5,SHELL HATTON VALE
7000331611,Rajpreet,+61424054388,1858730148,20.5,SHELL HATTON VALE
7001091141,Barry,+61430047157,1858730148,20.5,SHELL HATTON VALE
7001060749,Kerrie,+61412220767,1858730148,20.5,SHELL HATTON VALE
7001054136,Melinda,+61407620066,1858730148,20.5,SHELL HATTON VALE
7001107436,Ardian,+61432886949,1858730148,20.5,SHELL HATTON VALE
7001104491,Rebecca,+61400711634,1858730148,20.5,SHELL HATTON VALE
7001207520,Camden,+61412746917,1858730148,20.5,SHELL HATTON VALE
7000789129,Katie,+61401978362,1858730148,20.5,SHELL HATTON VALE
7000795329,Fay,+61481882852,1858730148,20.5,SHELL HATTON VALE
7000988838,pauline,+61429990019,1858730148,20.5,SHELL HATTON VALE
7000806132,Rapunzel,+61422413225,1858730148,20.5,SHELL HATTON VALE
7000759668,Amanda,+61413407792,1858730148,20.5,SHELL HATTON VALE
7001203319,paul,+61450521881,1858730148,20.5,SHELL HATTON VALE
7001161289,Donna,+61403218120,1858730148,20.5,SHELL HATTON VALE
7001227172,Michelle,+61402616531,1858730148,20.5,SHELL HATTON VALE
7001099009,Darka,+61438996266,1858730030,20.5,SHELL CHITTERING
7001014633,Jenna,+61438202244,1858840104,20.5,SHELL COLES EXPRESS ALBANY ORANA
7000744537,Kay,+61415389280,1858840313,20.5,SHELL COLES EXPRESS GATTON
7001225918,Lois,+61419657709,1858840313,20.5,SHELL COLES EXPRESS GATTON
7000696969,Hartwig,+61402719260,1858840313,20.5,SHELL COLES EXPRESS GATTON
7001005942,Bronwen,+61427416646,1858730195,25.5,SHELL BRIGHT
7001126617,Nilani,+61402776713,1858730195,25.5,SHELL BRIGHT
7001031798,GARRY,+61424230306,1858730005,25.5,SHELL BRAIDWOOD
7000040088,Elisabeth,+61411461540,1858730223,20,SHELL WOODSIDE
7000737890,Preety,+61402769347,1858730197,25.5,SHELL WOORI YALLOCK
7001220757,Kyla,+61456607284,1858840153,15.5,SHELL COLES EXPRESS HALFWAY CREEK
7000494632,Tina-Marie,+61412923400,1858840153,15.5,SHELL COLES EXPRESS HALFWAY CREEK
110967,Paul,+61400 392 411,1858840318,25.5,SHELL COLES EXPRESS MAREEBA
7000741355,Steer,+61423959648,1858840318,25.5,SHELL COLES EXPRESS MAREEBA
7000565366,Michelle,+61421522680,1858840318,25.5,SHELL COLES EXPRESS MAREEBA
7001159278,Dileep,+61410462827,1858840318,25.5,SHELL COLES EXPRESS MAREEBA
7000861272,Rie,+61,1858840318,25.5,SHELL COLES EXPRESS MAREEBA
7001211811,Lewys,+61420754120,1858840395,50,SHELL COLES EXPRESS CANNONVALE
7000285296,Chris,+61427 263 014,1858840395,50,SHELL COLES EXPRESS CANNONVALE
7000437217,Sharon,+61406977101,1858730005,25.5,SHELL BRAIDWOOD
7000914073,sandra,+61418551678,1858840039,15.5,SHELL COLES EXPRESS BUNBURY GATEWAY
7000394559,Tina,+6141-717-5160,1858840039,15.5,SHELL COLES EXPRESS BUNBURY GATEWAY
7000637083,Michael,+61428282605,1858840039,15.5,SHELL COLES EXPRESS BUNBURY GATEWAY
7001177392,Rebecce,+61439459024,1858840039,15.5,SHELL COLES EXPRESS BUNBURY GATEWAY
7000707699,Steve,+61429006105,1858730223,20,SHELL WOODSIDE
3323216,Susan,+61432538270,1858840558,20.5,SHELL COLES EXPRESS HORSHAM
7001218153,Katherine,+61401737196,1858730148,20.5,SHELL HATTON VALE
7001221884,Carlene,+61422839542,1858730148,20.5,SHELL HATTON VALE
7001148775,Jia Li,+61472707420,1858730148,20.5,SHELL HATTON VALE
7001122666,Sally,+61408636630,1858730156,20,SHELL PIALBA HERVEY BAY
7001154361,John,+61418745792,1858730156,20,SHELL PIALBA HERVEY BAY
7001170309,Jason,+61490499379,1858730156,20,SHELL PIALBA HERVEY BAY
7000565970,Lynda,+61417904642,1858730107,25.5,SHELL GUNNEDAH TRUCKSTOP
7000428409,Denise,+61437037047,1858730195,25.5,SHELL BRIGHT
7001210418,Sarah,+61490749318,1858730266,30.5,SHELL KOJONUP
7001068358,Linda,+61449753052,1858730263,30.5,SHELL GIDGEGANNUP
7001090380,Deborah,+61408910667,1858730263,30.5,SHELL GIDGEGANNUP
7001195068,Bernadette,+61402277925,1858730263,30.5,SHELL GIDGEGANNUP
7000983326,JANICE,+61488526423,1858730197,25.5,SHELL WOORI YALLOCK
7001163432,Tanvi,+61470224752,1858730197,25.5,SHELL WOORI YALLOCK
7001149668,Anna,+61466148457,1858840701,25.5,SHELL COLES EXPRESS WOOLGOOLGA
7001037483,Janna,+61417134742,1858840320,25.5,SHELL COLES EXPRESS INGHAM
7000396782,Jacob,+61411135261,1858840320,25.5,SHELL COLES EXPRESS INGHAM
7001219964,Marian,+61438068663,1858840320,25.5,SHELL COLES EXPRESS INGHAM
7001106354,Victoria,+61456672952,1858840320,25.5,SHELL COLES EXPRESS INGHAM
7000800309,Maree,+61417106724,1858840320,25.5,SHELL COLES EXPRESS INGHAM
7000737793,Allan,+61410653339,1858840297,20.5,SHELL COLES EXPRESS DALBY
7000766081,Helen,+61417607057,1858840292,20,SHELL COLES EXPRESS DELTA BRUCE HWY
7001145803,David,+61415978718,1858840285,25.5,SHELL COLES EXPRESS COOLALINGA
7001187043,Kyle,+61418950801,1858840285,25.5,SHELL COLES EXPRESS COOLALINGA
7001215759,Jonathon,+61411413773,1858840264,20,SHELL COLES EXPRESS CORRIMAL
7001210194,Anthony,+61488579999,1858840264,20,SHELL COLES EXPRESS CORRIMAL
7001093270,Gaille,+61431212551,1858840264,20,SHELL COLES EXPRESS CORRIMAL
7001085804,Arun,+61428903410,1858840264,20,SHELL COLES EXPRESS CORRIMAL
7001127996,Vern,+61410380044,1858840264,20,SHELL COLES EXPRESS CORRIMAL
7000898975,Katie,+61404875578,1858840264,20,SHELL COLES EXPRESS CORRIMAL
7001102626,vaibhavi,+61433170694,1858840264,20,SHELL COLES EXPRESS CORRIMAL
7001111270,Jessie,+61408810273,1858840264,20,SHELL COLES EXPRESS CORRIMAL
7001180685,Tracy,+61404595679,1858840264,20,SHELL COLES EXPRESS CORRIMAL
7001182372,Ian,+61400753806,1858840264,20,SHELL COLES EXPRESS CORRIMAL
7000767923,Cristina,+61478500609,1858840264,20,SHELL COLES EXPRESS CORRIMAL
7001064169,David,+61430215795,1858840264,20,SHELL COLES EXPRESS CORRIMAL
7001200804,Lesia,+61403041241,1858840264,20,SHELL COLES EXPRESS CORRIMAL
7001059957,Lynette,+61404665536,1858840264,20,SHELL COLES EXPRESS CORRIMAL
7001207638,Faye,+61438677904,1858840264,20,SHELL COLES EXPRESS CORRIMAL
7001153795,SIDDHARATH,+61478516021,1858840264,20,SHELL COLES EXPRESS CORRIMAL
7001054849,Yashika,+61411195950,1858840264,20,SHELL COLES EXPRESS CORRIMAL
7001212579,Jaime Lee,+61413778890,1858840264,20,SHELL COLES EXPRESS CORRIMAL
7000772691,Megan,+61447237130,1858840264,20,SHELL COLES EXPRESS CORRIMAL
7001179376,Damon,+61,1858840264,20,SHELL COLES EXPRESS CORRIMAL
7000954598,Nathan,+61431247711,1858840264,20,SHELL COLES EXPRESS CORRIMAL
7001093555,Kumar,+61434190359,1858840264,20,SHELL COLES EXPRESS CORRIMAL
7001077259,Gretta,+61438021656,1858840264,20,SHELL COLES EXPRESS CORRIMAL
7001218896,Hope,+61435296469,1858840264,20,SHELL COLES EXPRESS CORRIMAL
7001219992,Kelly,+61413301341,1858840264,20,SHELL COLES EXPRESS CORRIMAL
7000909989,Melissa,+61479196634,1858840264,20,SHELL COLES EXPRESS CORRIMAL
7000730395,Natalie,+61405371142,1858840264,20,SHELL COLES EXPRESS CORRIMAL
7000732413,Coleen,+61406766467,1858840264,20,SHELL COLES EXPRESS CORRIMAL
3320140,Marivic,+61421 139 827,1858840264,20,SHELL COLES EXPRESS CORRIMAL
3311162,Nicole,+61402153692,1858840264,20,SHELL COLES EXPRESS CORRIMAL
7000017194,Caridad (Carrie),+61403 433 757,1858840264,20,SHELL COLES EXPRESS CORRIMAL
7000083642,Kylie,+61417 697 311,1858840264,20,SHELL COLES EXPRESS CORRIMAL
7000041574,Anne,+61407 660 282,1858840264,20,SHELL COLES EXPRESS CORRIMAL
7000044669,Rini,+61405956983,1858840264,20,SHELL COLES EXPRESS CORRIMAL
7000555602,Ashleigh,+61414587381,1858840264,20,SHELL COLES EXPRESS CORRIMAL
7001203601,Giselda,+61401022713,1858840264,20,SHELL COLES EXPRESS CORRIMAL
7000694079,Michelle,+61414189319,1858840264,20,SHELL COLES EXPRESS CORRIMAL
7000612484,JO-ANNE,+61429708606,1858840264,20,SHELL COLES EXPRESS CORRIMAL
7000624613,Margaret,+61414194602,1858840264,20,SHELL COLES EXPRESS CORRIMAL
7000699201,Kate,+61414492258,1858840264,20,SHELL COLES EXPRESS CORRIMAL
7001064139,Penny,+61432619284,1858840264,20,SHELL COLES EXPRESS CORRIMAL
7001198681,Caitlin,+61429511633,1858840264,20,SHELL COLES EXPRESS CORRIMAL
7001182798,Adam,+61481352055,1858840264,20,SHELL COLES EXPRESS CORRIMAL
7001139850,Shefali,+61435066001,1858840264,20,SHELL COLES EXPRESS CORRIMAL
7001106644,Gerard,+61426560326,1858840264,20,SHELL COLES EXPRESS CORRIMAL
7000837192,Sam,+61455123465,1858840264,20,SHELL COLES EXPRESS CORRIMAL
7000497418,Zhiting Vicky,+61430469251,1858840264,20,SHELL COLES EXPRESS CORRIMAL
7000492718,Louise,+61412229364,1858840264,20,SHELL COLES EXPRESS CORRIMAL
7000495910,Jean,+61,1858840264,20,SHELL COLES EXPRESS CORRIMAL
7000423124,Susan,+61418484374,1858840264,20,SHELL COLES EXPRESS CORRIMAL
7000347359,Chris,+61407017377,1858840264,20,SHELL COLES EXPRESS CORRIMAL
7000423033,Lorna,+61413877255,1858840264,20,SHELL COLES EXPRESS CORRIMAL
7000805401,Marina,+61423088558,1858840064,20,SHELL COLES EXPRESS BAIRNSDALE
7000987804,Julie,+61422798802,1858730278,20.5,SHELL NCP LISMORE UNMANNED
7001097766,Kris,+61439994826 ,1858730278,20.5,SHELL NCP LISMORE UNMANNED
7000895143,susan,+61421853335,1858730278,20.5,SHELL NCP LISMORE UNMANNED
7001225378,Nic,+61414399701,1858730278,20.5,SHELL NCP LISMORE UNMANNED
3311606,Michelle-Lyn,+61412 062 445,1858730278,20.5,SHELL NCP LISMORE UNMANNED
7001189439,Jonatan,+61431222689,1858730278,20.5,SHELL NCP LISMORE UNMANNED
7000434013,Dolly,+61419782045,1858730278,20.5,SHELL NCP LISMORE UNMANNED
7000292047,Gill,+61405507736,1858730278,20.5,SHELL NCP LISMORE UNMANNED
7000416459,Todd,+61,1858730278,20.5,SHELL NCP LISMORE UNMANNED
7000811946,Trina,+61458150079,1858730278,20.5,SHELL NCP LISMORE UNMANNED
7001215626,Emma,+61488910091,1858730264,50.5,SHELL DERBY FUELS
81263,Kay,+61408378689,1858730257,30.5,SHELL DENMARK
7001164336,Paul,+61402997425,1858730184,65.5,SHELL SCAMANDER
7000891434,Eleanor,+61476691661,1858730184,65.5,SHELL SCAMANDER
7001087354,Joanna,+61447614683,1858730184,65.5,SHELL SCAMANDER
7001225355,Anita,+61400795116,1858730184,65.5,SHELL SCAMANDER
7000232885,Karen,+61401164609,1858730184,65.5,SHELL SCAMANDER
7000332832,Vicki,+61417684058,1858730184,65.5,SHELL SCAMANDER
7000922544,Courtney,+61487996667,1858730168,50,SHELL STREAKY BAY
7001223598,Benjamin,+61450323144,1858730158,25.5,SHELL RAINBOW BEACH
7001221138,Lauren,+61419439992,1858730158,25.5,SHELL RAINBOW BEACH
7001220347,Christina,+61420588210,1858730158,25.5,SHELL RAINBOW BEACH
7000645173,Bradley,+61423749821,1858730158,25.5,SHELL RAINBOW BEACH
7000473790,Lynette,+61414845140,1858730158,25.5,SHELL RAINBOW BEACH
7000539254,Lorraine,+61428456440,1858730157,100,SHELL LONGREACH SERVICE CENTRE
7001028542,Gemma,+61405574660,1858730156,20,SHELL PIALBA HERVEY BAY
7001182630,Leanne,+61419364384,1858730152,20.5,SHELL GLADSTONE
7001183345,Sandie,+61437651964,1858730152,20.5,SHELL GLADSTONE
7000490005,Laura,+61408129765,1858730152,20.5,SHELL GLADSTONE
7001042040,Christine,+61427212441,1858730120,25.5,SHELL PEAK HILL
7001053948,Veronica,+61417495356,1858730120,25.5,SHELL PEAK HILL
7001156504,Timothy,+61413915569,1858730120,25.5,SHELL PEAK HILL
7001209440,LYNN,+61403648774,1858730120,25.5,SHELL PEAK HILL
7001131731,Kylie,+61402563300,1858730107,25.5,SHELL GUNNEDAH TRUCKSTOP
